"지역별(1)","지역별(2)","지역별(3)",상품군별(1),상품군별(2),판매유형별(1),2023.4/4,2024.1/4 p),2014,2015,2016,2017,2018,2019,2020,2021,2022,2023
"합계","소계","소계",합계,소계,계,471927,399086,679128,1259874,2293380,3034634,3626523,6004608,6003447,4407910,1855899,1697209
"합계","소계","소계",합계,소계,면세점,280391,239885,-,-,-,2403530,2923424,5219858,5007939,3423791,1028846,944338
"합계","소계","소계",합계,소계,면세점 이외,191536,159201,-,-,-,631104,703099,784750,995508,984119,827053,752871
"합계","소계","소계",컴퓨터 및 주변기기,소계,계,3769,2729,16408,13452,14334,8907,17921,15237,19267,15875,12370,15278
"합계","소계","소계",컴퓨터 및 주변기기,소계,면세점,0,0,-,-,-,14,224,73,3610,0,0,0
"합계","소계","소계",컴퓨터 및 주변기기,소계,면세점 이외,3769,2729,-,-,-,8893,17697,15164,15657,15875,12370,15278
"합계","소계","소계",가전·전자·통신기기,소계,계,6788,6661,54843,57464,66618,75989,99226,93826,55019,51360,65833,26877
"합계","소계","소계",가전·전자·통신기기,소계,면세점,2032,2673,-,-,-,36916,70811,62763,20422,26536,49716,5884
"합계","소계","소계",가전·전자·통신기기,소계,면세점 이외,4756,3988,-,-,-,39073,28415,31063,34597,24824,16117,20993
"합계","소계","소계",가전·전자·통신기기,가전·전자,계,6316,5844,-,-,-,-,-,-,-,-,-,20978
"합계","소계","소계",가전·전자·통신기기,가전·전자,면세점,1842,2495,-,-,-,-,-,-,-,-,-,5270
"합계","소계","소계",가전·전자·통신기기,가전·전자,면세점 이외,4474,3349,-,-,-,-,-,-,-,-,-,15708
"합계","소계","소계",가전·전자·통신기기,통신기기,계,472,817,-,-,-,-,-,-,-,-,-,5899
"합계","소계","소계",가전·전자·통신기기,통신기기,면세점,190,178,-,-,-,-,-,-,-,-,-,614
"합계","소계","소계",가전·전자·통신기기,통신기기,면세점 이외,282,639,-,-,-,-,-,-,-,-,-,5285
"합계","소계","소계",소프트웨어,소계,계,238,83,1658,2316,1016,944,1344,909,1071,3404,3161,771
"합계","소계","소계",소프트웨어,소계,면세점,0,0,-,-,-,0,0,0,0,0,0,0
"합계","소계","소계",소프트웨어,소계,면세점 이외,238,83,-,-,-,944,1344,909,1071,3404,3161,771
"합계","소계","소계",서 적,소계,계,5520,2718,6171,8349,14776,21549,28351,24272,27386,32200,23082,14995
"합계","소계","소계",서 적,소계,면세점,0,0,-,-,-,0,0,0,0,0,0,0
"합계","소계","소계",서 적,소계,면세점 이외,5520,2718,-,-,-,21549,28351,24272,27386,32200,23082,14995
"합계","소계","소계",사무·문구,소계,계,3451,1639,18371,5232,5627,6236,4341,5898,5847,9416,10034,7720
"합계","소계","소계",사무·문구,소계,면세점,72,141,-,-,-,12,3,30,1,88,66,206
"합계","소계","소계",사무·문구,소계,면세점 이외,3379,1498,-,-,-,6224,4338,5868,5846,9328,9968,7514
"합계","소계","소계",음반·비디오·악기,소계,계,43294,18091,22306,25764,23774,34987,59642,89433,213843,177308,168173,181745
"합계","소계","소계",음반·비디오·악기,소계,면세점,0,0,-,-,-,0,0,0,0,0,0,0
"합계","소계","소계",음반·비디오·악기,소계,면세점 이외,43294,18091,-,-,-,34987,59642,89433,213843,177308,168173,181745
"합계","소계","소계",의류 및 패션 관련 상품,소계,계,77582,77136,174357,272243,359601,416375,528786,565840,366497,365243,275531,258501
"합계","소계","소계",의류 및 패션 관련 상품,소계,면세점,17498,21762,-,-,-,155545,227855,262957,36074,28109,11409,49685
"합계","소계","소계",의류 및 패션 관련 상품,소계,면세점 이외,60084,55374,-,-,-,260830,300931,302883,330423,337134,264122,208816
"합계","소계","소계",스포츠·레저용품,소계,계,2501,1807,10607,13225,19621,16663,15265,18573,21051,16239,11643,9815
"합계","소계","소계",스포츠·레저용품,소계,면세점,3,7,-,-,-,7,4,4,0,0,0,9
"합계","소계","소계",스포츠·레저용품,소계,면세점 이외,2498,1800,-,-,-,16656,15261,18569,21051,16239,11643,9806
"합계","소계","소계",화장품,소계,계,292494,247133,256978,716486,1637594,2308912,2710284,5020606,5108626,3539810,1122980,1043998
"합계","소계","소계",화장품,소계,면세점,255135,206966,-,-,-,2184455,2580912,4860812,4942052,3364586,962843,876055
"합계","소계","소계",화장품,소계,면세점 이외,37359,40167,-,-,-,124457,129372,159794,166574,175224,160137,167943
"합계","소계","소계",아동·유아용품,소계,계,1911,1957,10179,15875,23366,18219,19665,19109,18377,20864,12182,8231
"합계","소계","소계",아동·유아용품,소계,면세점,29,41,-,-,-,731,934,902,30,27,3,82
"합계","소계","소계",아동·유아용품,소계,면세점 이외,1882,1916,-,-,-,17488,18731,18207,18347,20837,12179,8149
"합계","소계","소계",음·식료품,소계,계,10062,12638,32809,36024,32987,31434,46052,40325,25701,27481,25372,31221
"합계","소계","소계",음·식료품,소계,면세점,5549,8233,-,-,-,24751,40668,31165,5662,4443,4804,12231
"합계","소계","소계",음·식료품,소계,면세점 이외,4513,4405,-,-,-,6683,5384,9160,20039,23038,20568,18990
"합계","소계","소계",농축수산물,소계,계,11,8,15697,17050,733,129,214,126,150,97,72,39
"합계","소계","소계",농축수산물,소계,면세점,0,0,-,-,-,0,0,0,0,0,0,0
"합계","소계","소계",농축수산물,소계,면세점 이외,11,8,-,-,-,129,214,126,150,97,72,39
"합계","소계","소계",생활·자동차용품,소계,계,6147,5703,30009,45354,53462,49368,41103,48771,36644,34264,16911,20450
"합계","소계","소계",생활·자동차용품,소계,면세점,23,34,-,-,-,98,12,429,49,0,5,116
"합계","소계","소계",생활·자동차용품,소계,면세점 이외,6124,5669,-,-,-,49270,41091,48342,36595,34264,16906,20334
"합계","소계","소계",기 타,소계,계,18159,20783,28735,31040,39871,44922,54329,61683,103968,114350,108553,77568
"합계","소계","소계",기 타,소계,면세점,50,28,-,-,-,1001,2001,723,39,2,0,70
"합계","소계","소계",기 타,소계,면세점 이외,18109,20755,-,-,-,43921,52328,60960,103929,114348,108553,77498
"아시아","소계","소계",합계,소계,계,386209,330935,-,-,-,-,-,-,-,-,-,1391822
"아시아","소계","소계",합계,소계,면세점,278578,239129,-,-,-,-,-,-,-,-,-,940291
"아시아","소계","소계",합계,소계,면세점 이외,107631,91806,-,-,-,-,-,-,-,-,-,451531
"아시아","소계","소계",컴퓨터 및 주변기기,소계,계,1019,211,-,-,-,-,-,-,-,-,-,3467
"아시아","소계","소계",컴퓨터 및 주변기기,소계,면세점,0,0,-,-,-,-,-,-,-,-,-,0
"아시아","소계","소계",컴퓨터 및 주변기기,소계,면세점 이외,1019,211,-,-,-,-,-,-,-,-,-,3467
"아시아","소계","소계",가전·전자·통신기기,소계,계,5292,4677,-,-,-,-,-,-,-,-,-,21571
"아시아","소계","소계",가전·전자·통신기기,소계,면세점,1978,2649,-,-,-,-,-,-,-,-,-,5766
"아시아","소계","소계",가전·전자·통신기기,소계,면세점 이외,3314,2028,-,-,-,-,-,-,-,-,-,15805
"아시아","소계","소계",가전·전자·통신기기,가전·전자,계,5020,4429,-,-,-,-,-,-,-,-,-,16535
"아시아","소계","소계",가전·전자·통신기기,가전·전자,면세점,1788,2473,-,-,-,-,-,-,-,-,-,5172
"아시아","소계","소계",가전·전자·통신기기,가전·전자,면세점 이외,3232,1956,-,-,-,-,-,-,-,-,-,11363
"아시아","소계","소계",가전·전자·통신기기,통신기기,계,272,248,-,-,-,-,-,-,-,-,-,5036
"아시아","소계","소계",가전·전자·통신기기,통신기기,면세점,190,176,-,-,-,-,-,-,-,-,-,594
"아시아","소계","소계",가전·전자·통신기기,통신기기,면세점 이외,82,72,-,-,-,-,-,-,-,-,-,4442
"아시아","소계","소계",소프트웨어,소계,계,0,0,-,-,-,-,-,-,-,-,-,172
"아시아","소계","소계",소프트웨어,소계,면세점,0,0,-,-,-,-,-,-,-,-,-,0
"아시아","소계","소계",소프트웨어,소계,면세점 이외,0,0,-,-,-,-,-,-,-,-,-,172
"아시아","소계","소계",서 적,소계,계,3132,1152,-,-,-,-,-,-,-,-,-,7563
"아시아","소계","소계",서 적,소계,면세점,0,0,-,-,-,-,-,-,-,-,-,0
"아시아","소계","소계",서 적,소계,면세점 이외,3132,1152,-,-,-,-,-,-,-,-,-,7563
"아시아","소계","소계",사무·문구,소계,계,1318,923,-,-,-,-,-,-,-,-,-,4480
"아시아","소계","소계",사무·문구,소계,면세점,72,141,-,-,-,-,-,-,-,-,-,206
"아시아","소계","소계",사무·문구,소계,면세점 이외,1246,782,-,-,-,-,-,-,-,-,-,4274
"아시아","소계","소계",음반·비디오·악기,소계,계,24440,9650,-,-,-,-,-,-,-,-,-,105515
"아시아","소계","소계",음반·비디오·악기,소계,면세점,0,0,-,-,-,-,-,-,-,-,-,0
"아시아","소계","소계",음반·비디오·악기,소계,면세점 이외,24440,9650,-,-,-,-,-,-,-,-,-,105515
"아시아","소계","소계",의류 및 패션 관련 상품,소계,계,47777,52138,-,-,-,-,-,-,-,-,-,163699
"아시아","소계","소계",의류 및 패션 관련 상품,소계,면세점,17322,21655,-,-,-,-,-,-,-,-,-,49219
"아시아","소계","소계",의류 및 패션 관련 상품,소계,면세점 이외,30455,30483,-,-,-,-,-,-,-,-,-,114480
"아시아","소계","소계",스포츠·레저용품,소계,계,2254,1524,-,-,-,-,-,-,-,-,-,8021
"아시아","소계","소계",스포츠·레저용품,소계,면세점,3,7,-,-,-,-,-,-,-,-,-,9
"아시아","소계","소계",스포츠·레저용품,소계,면세점 이외,2251,1517,-,-,-,-,-,-,-,-,-,8012
"아시아","소계","소계",화장품,소계,계,277845,233077,-,-,-,-,-,-,-,-,-,986675
"아시아","소계","소계",화장품,소계,면세점,253715,206499,-,-,-,-,-,-,-,-,-,873091
"아시아","소계","소계",화장품,소계,면세점 이외,24130,26578,-,-,-,-,-,-,-,-,-,113584
"아시아","소계","소계",아동·유아용품,소계,계,1430,1610,-,-,-,-,-,-,-,-,-,6290
"아시아","소계","소계",아동·유아용품,소계,면세점,29,41,-,-,-,-,-,-,-,-,-,82
"아시아","소계","소계",아동·유아용품,소계,면세점 이외,1401,1569,-,-,-,-,-,-,-,-,-,6208
"아시아","소계","소계",음·식료품,소계,계,7802,10358,-,-,-,-,-,-,-,-,-,23823
"아시아","소계","소계",음·식료품,소계,면세점,5386,8075,-,-,-,-,-,-,-,-,-,11732
"아시아","소계","소계",음·식료품,소계,면세점 이외,2416,2283,-,-,-,-,-,-,-,-,-,12091
"아시아","소계","소계",농축수산물,소계,계,1,0,-,-,-,-,-,-,-,-,-,7
"아시아","소계","소계",농축수산물,소계,면세점,0,0,-,-,-,-,-,-,-,-,-,0
"아시아","소계","소계",농축수산물,소계,면세점 이외,1,0,-,-,-,-,-,-,-,-,-,7
"아시아","소계","소계",생활·자동차용품,소계,계,3466,3243,-,-,-,-,-,-,-,-,-,12706
"아시아","소계","소계",생활·자동차용품,소계,면세점,23,34,-,-,-,-,-,-,-,-,-,116
"아시아","소계","소계",생활·자동차용품,소계,면세점 이외,3443,3209,-,-,-,-,-,-,-,-,-,12590
"아시아","소계","소계",기 타,소계,계,10433,12372,-,-,-,-,-,-,-,-,-,47833
"아시아","소계","소계",기 타,소계,면세점,50,28,-,-,-,-,-,-,-,-,-,70
"아시아","소계","소계",기 타,소계,면세점 이외,10383,12344,-,-,-,-,-,-,-,-,-,47763
"아시아","중국","소계",합계,소계,계,295721,243382,318752,861730,1791297,2402601,2891892,5184664,5200528,3587912,1193748,1055720
"아시아","중국","소계",합계,소계,면세점,261466,225130,-,-,-,2217382,2709824,4974246,4911082,3393188,1003103,901123
"아시아","중국","소계",합계,소계,면세점 이외,34255,18252,-,-,-,185219,182068,210418,289446,194724,190645,154597
"아시아","중국","소계",컴퓨터 및 주변기기,소계,계,781,134,199,274,278,181,255,181,3732,200,183,1814
"아시아","중국","소계",컴퓨터 및 주변기기,소계,면세점,0,0,-,-,-,11,161,73,3497,0,0,0
"아시아","중국","소계",컴퓨터 및 주변기기,소계,면세점 이외,781,134,-,-,-,170,94,108,235,200,183,1814
"아시아","중국","소계",가전·전자·통신기기,소계,계,1906,2638,5066,12649,18849,33185,65423,55795,13703,25154,49865,5045
"아시아","중국","소계",가전·전자·통신기기,소계,면세점,1869,2595,-,-,-,31616,64186,54237,12350,24551,49499,4618
"아시아","중국","소계",가전·전자·통신기기,소계,면세점 이외,37,43,-,-,-,1569,1237,1558,1353,603,366,427
"아시아","중국","소계",가전·전자·통신기기,가전·전자,계,1713,2455,-,-,-,-,-,-,-,-,-,4336
"아시아","중국","소계",가전·전자·통신기기,가전·전자,면세점,1679,2421,-,-,-,-,-,-,-,-,-,4026
"아시아","중국","소계",가전·전자·통신기기,가전·전자,면세점 이외,34,34,-,-,-,-,-,-,-,-,-,310
"아시아","중국","소계",가전·전자·통신기기,통신기기,계,193,183,-,-,-,-,-,-,-,-,-,709
"아시아","중국","소계",가전·전자·통신기기,통신기기,면세점,190,174,-,-,-,-,-,-,-,-,-,592
"아시아","중국","소계",가전·전자·통신기기,통신기기,면세점 이외,3,9,-,-,-,-,-,-,-,-,-,117
"아시아","중국","소계",소프트웨어,소계,계,0,0,707,726,82,79,27,7,4,2393,0,111
"아시아","중국","소계",소프트웨어,소계,면세점,0,0,-,-,-,0,0,0,0,0,0,0
"아시아","중국","소계",소프트웨어,소계,면세점 이외,0,0,-,-,-,79,27,7,4,2393,0,111
"아시아","중국","소계",서 적,소계,계,2390,718,990,1990,4747,5830,6297,5073,6659,10813,10663,5101
"아시아","중국","소계",서 적,소계,면세점,0,0,-,-,-,0,0,0,0,0,0,0
"아시아","중국","소계",서 적,소계,면세점 이외,2390,718,-,-,-,5830,6297,5073,6659,10813,10663,5101
"아시아","중국","소계",사무·문구,소계,계,82,154,27,91,362,413,297,216,404,338,454,317
"아시아","중국","소계",사무·문구,소계,면세점,72,141,-,-,-,12,2,29,1,88,62,206
"아시아","중국","소계",사무·문구,소계,면세점 이외,10,13,-,-,-,401,295,187,403,250,392,111
"아시아","중국","소계",음반·비디오·악기,소계,계,13465,7023,11079,11935,8743,8445,15046,36193,125078,62867,93912,73130
"아시아","중국","소계",음반·비디오·악기,소계,면세점,0,0,-,-,-,0,0,0,0,0,0,0
"아시아","중국","소계",음반·비디오·악기,소계,면세점 이외,13465,7023,-,-,-,8445,15046,36193,125078,62867,93912,73130
"아시아","중국","소계",의류 및 패션 관련 상품,소계,계,24960,26216,57531,142339,190932,228330,288848,330267,106346,101932,48969,80307
"아시아","중국","소계",의류 및 패션 관련 상품,소계,면세점,16529,20862,-,-,-,141366,201237,252423,33278,27692,9783,47306
"아시아","중국","소계",의류 및 패션 관련 상품,소계,면세점 이외,8431,5354,-,-,-,86964,87611,77844,73068,74240,39186,33001
"아시아","중국","소계",스포츠·레저용품,소계,계,276,264,416,2267,6230,2946,1739,2004,3999,1148,1098,991
"아시아","중국","소계",스포츠·레저용품,소계,면세점,3,7,-,-,-,0,0,0,0,0,0,9
"아시아","중국","소계",스포츠·레저용품,소계,면세점 이외,273,257,-,-,-,2946,1739,2004,3999,1148,1098,982
"아시아","중국","소계",화장품,소계,계,242829,194541,203499,625774,1493237,2068310,2453172,4696641,4895355,3357938,952739,860761
"아시아","중국","소계",화장품,소계,면세점,237892,193693,-,-,-,2022184,2409299,4637196,4856500,3336569,939454,837696
"아시아","중국","소계",화장품,소계,면세점 이외,4937,848,-,-,-,46126,43873,59445,38855,21369,13285,23065
"아시아","중국","소계",아동·유아용품,소계,계,986,1084,2456,7737,14611,7761,6387,4959,5632,4672,4321,3909
"아시아","중국","소계",아동·유아용품,소계,면세점,29,41,-,-,-,729,916,876,26,27,2,82
"아시아","중국","소계",아동·유아용품,소계,면세점 이외,957,1043,-,-,-,7032,5471,4083,5606,4645,4319,3827
"아시아","중국","소계",음·식료품,소계,계,5063,7799,22965,26868,24900,24281,34699,30409,9562,6806,6148,11766
"아시아","중국","소계",음·식료품,소계,면세점,4999,7729,-,-,-,20718,33004,28265,5342,4259,4298,11020
"아시아","중국","소계",음·식료품,소계,면세점 이외,64,70,-,-,-,3563,1695,2144,4220,2547,1850,746
"아시아","중국","소계",농축수산물,소계,계,1,0,10416,13015,645,75,120,59,88,71,18,6
"아시아","중국","소계",농축수산물,소계,면세점,0,0,-,-,-,0,0,0,0,0,0,0
"아시아","중국","소계",농축수산물,소계,면세점 이외,1,0,-,-,-,75,120,59,88,71,18,6
"아시아","중국","소계",생활·자동차용품,소계,계,716,879,2340,14006,21253,18394,13802,17236,7191,4034,2221,1933
"아시아","중국","소계",생활·자동차용품,소계,면세점,23,34,-,-,-,98,12,427,49,0,5,116
"아시아","중국","소계",생활·자동차용품,소계,면세점 이외,693,845,-,-,-,18296,13790,16809,7142,4034,2216,1817
"아시아","중국","소계",기 타,소계,계,2266,1932,1061,2059,6428,4371,5780,5624,22775,9544,23153,10529
"아시아","중국","소계",기 타,소계,면세점,50,28,-,-,-,648,1007,720,39,2,0,70
"아시아","중국","소계",기 타,소계,면세점 이외,2216,1904,-,-,-,3723,4773,4904,22736,9542,23153,10459
"아시아","일본","소계",합계,소계,계,57467,54541,90187,85917,121341,138451,194376,226546,239897,303409,291396,232343
"아시아","일본","소계",합계,소계,면세점,2641,2402,-,-,-,12734,16282,37216,19167,588,3551,4802
"아시아","일본","소계",합계,소계,면세점 이외,54826,52139,-,-,-,125717,178094,189330,220730,302821,287845,227541
"아시아","일본","소계",컴퓨터 및 주변기기,소계,계,60,4,247,194,181,129,164,138,193,116,85,921
"아시아","일본","소계",컴퓨터 및 주변기기,소계,면세점,0,0,-,-,-,0,0,0,0,0,0,0
"아시아","일본","소계",컴퓨터 및 주변기기,소계,면세점 이외,60,4,-,-,-,129,164,138,193,116,85,921
"아시아","일본","소계",가전·전자·통신기기,소계,계,204,137,3325,2587,3109,2882,2428,2796,418,735,3525,5118
"아시아","일본","소계",가전·전자·통신기기,소계,면세점,37,16,-,-,-,151,193,452,14,13,92,294
"아시아","일본","소계",가전·전자·통신기기,소계,면세점 이외,167,121,-,-,-,2731,2235,2344,404,722,3433,4824
"아시아","일본","소계",가전·전자·통신기기,가전·전자,계,129,82,-,-,-,-,-,-,-,-,-,851
"아시아","일본","소계",가전·전자·통신기기,가전·전자,면세점,37,16,-,-,-,-,-,-,-,-,-,293
"아시아","일본","소계",가전·전자·통신기기,가전·전자,면세점 이외,92,66,-,-,-,-,-,-,-,-,-,558
"아시아","일본","소계",가전·전자·통신기기,통신기기,계,75,55,-,-,-,-,-,-,-,-,-,4267
"아시아","일본","소계",가전·전자·통신기기,통신기기,면세점,0,0,-,-,-,-,-,-,-,-,-,1
"아시아","일본","소계",가전·전자·통신기기,통신기기,면세점 이외,75,55,-,-,-,-,-,-,-,-,-,4266
"아시아","일본","소계",소프트웨어,소계,계,0,0,56,30,8,8,7,14,27,5,2668,36
"아시아","일본","소계",소프트웨어,소계,면세점,0,0,-,-,-,0,0,0,0,0,0,0
"아시아","일본","소계",소프트웨어,소계,면세점 이외,0,0,-,-,-,8,7,14,27,5,2668,36
"아시아","일본","소계",서 적,소계,계,463,307,90,111,200,245,242,574,1055,2068,1577,1429
"아시아","일본","소계",서 적,소계,면세점,0,0,-,-,-,0,0,0,0,0,0,0
"아시아","일본","소계",서 적,소계,면세점 이외,463,307,-,-,-,245,242,574,1055,2068,1577,1429
"아시아","일본","소계",사무·문구,소계,계,330,243,14705,1741,1893,1806,1701,2694,1526,2781,3761,1266
"아시아","일본","소계",사무·문구,소계,면세점,0,0,-,-,-,0,0,0,0,0,0,0
"아시아","일본","소계",사무·문구,소계,면세점 이외,330,243,-,-,-,1806,1701,2694,1526,2781,3761,1266
"아시아","일본","소계",음반·비디오·악기,소계,계,9800,2195,99,1674,1427,2825,7018,8712,14738,16003,16474,26034
"아시아","일본","소계",음반·비디오·악기,소계,면세점,0,0,-,-,-,0,0,0,0,0,0,0
"아시아","일본","소계",음반·비디오·악기,소계,면세점 이외,9800,2195,-,-,-,2825,7018,8712,14738,16003,16474,26034
"아시아","일본","소계",의류 및 패션 관련 상품,소계,계,15389,12176,48960,57594,79905,90531,136800,134637,119531,116543,90984,55376
"아시아","일본","소계",의류 및 패션 관련 상품,소계,면세점,260,340,-,-,-,1499,2058,3099,79,8,177,524
"아시아","일본","소계",의류 및 패션 관련 상품,소계,면세점 이외,15129,11836,-,-,-,89032,134742,131538,119452,116535,90807,54852
"아시아","일본","소계",스포츠·레저용품,소계,계,185,194,1468,499,668,691,796,778,646,1245,1800,756
"아시아","일본","소계",스포츠·레저용품,소계,면세점,0,0,-,-,-,0,0,0,0,0,0,0
"아시아","일본","소계",스포츠·레저용품,소계,면세점 이외,185,194,-,-,-,691,796,778,646,1245,1800,756
"아시아","일본","소계",화장품,소계,계,19169,25315,3400,6600,11345,17297,18780,43689,61265,97316,107647,86730
"아시아","일본","소계",화장품,소계,면세점,2058,1836,-,-,-,10665,13504,32783,19050,564,3263,3586
"아시아","일본","소계",화장품,소계,면세점 이외,17111,23479,-,-,-,6632,5276,10906,42215,96752,104384,83144
"아시아","일본","소계",아동·유아용품,소계,계,219,304,425,116,234,163,255,585,1355,1136,1234,1461
"아시아","일본","소계",아동·유아용품,소계,면세점,0,0,-,-,-,0,0,7,2,0,0,0
"아시아","일본","소계",아동·유아용품,소계,면세점 이외,219,304,-,-,-,163,255,578,1353,1136,1234,1461
"아시아","일본","소계",음·식료품,소계,계,2504,2222,795,1430,4675,1423,2247,4118,4721,14547,13151,11280
"아시아","일본","소계",음·식료품,소계,면세점,286,210,-,-,-,419,527,875,22,3,19,398
"아시아","일본","소계",음·식료품,소계,면세점 이외,2218,2012,-,-,-,1004,1720,3243,4699,14544,13132,10882
"아시아","일본","소계",농축수산물,소계,계,0,0,50,81,17,4,6,18,2,0,0,1
"아시아","일본","소계",농축수산물,소계,면세점,0,0,-,-,-,0,0,0,0,0,0,0
"아시아","일본","소계",농축수산물,소계,면세점 이외,0,0,-,-,-,4,6,18,2,0,0,1
"아시아","일본","소계",생활·자동차용품,소계,계,1164,1336,3987,1404,2548,2800,3209,4980,3911,5912,4795,5463
"아시아","일본","소계",생활·자동차용품,소계,면세점,0,0,-,-,-,0,0,0,0,0,0,0
"아시아","일본","소계",생활·자동차용품,소계,면세점 이외,1164,1336,-,-,-,2800,3209,4980,3911,5912,4795,5463
"아시아","일본","소계",기 타,소계,계,7980,10108,12580,11856,15131,17647,20723,22813,30509,44995,43682,36472
"아시아","일본","소계",기 타,소계,면세점,0,0,-,-,-,0,0,0,0,0,0,0
"아시아","일본","소계",기 타,소계,면세점 이외,7980,10108,-,-,-,17647,20723,22813,30509,44995,43682,36472
"아시아","아세안","소계",합계,소계,계,29464,30767,45311,58358,75496,147767,165973,201628,141118,102155,92741,94780
"아시아","아세안","소계",합계,소계,면세점,12567,10388,-,-,-,66530,89523,118698,35758,8764,16764,30769
"아시아","아세안","소계",합계,소계,면세점 이외,16897,20379,-,-,-,81237,76450,82930,105360,93391,75977,64011
"아시아","아세안","소계",컴퓨터 및 주변기기,소계,계,41,25,634,667,759,775,846,824,541,473,113,217
"아시아","아세안","소계",컴퓨터 및 주변기기,소계,면세점,0,0,-,-,-,0,2,0,0,0,0,0
"아시아","아세안","소계",컴퓨터 및 주변기기,소계,면세점 이외,41,25,-,-,-,775,844,824,541,473,113,217
"아시아","아세안","소계",가전·전자·통신기기,소계,계,3139,1862,12157,12642,12645,14120,11582,15081,18311,11492,9079,11220
"아시아","아세안","소계",가전·전자·통신기기,소계,면세점,49,24,-,-,-,4571,4152,5642,5906,1952,112,779
"아시아","아세안","소계",가전·전자·통신기기,소계,면세점 이외,3090,1838,-,-,-,9549,7430,9439,12405,9540,8967,10441
"아시아","아세안","소계",가전·전자·통신기기,가전·전자,계,3138,1860,-,-,-,-,-,-,-,-,-,11206
"아시아","아세안","소계",가전·전자·통신기기,가전·전자,면세점,49,22,-,-,-,-,-,-,-,-,-,778
"아시아","아세안","소계",가전·전자·통신기기,가전·전자,면세점 이외,3089,1838,-,-,-,-,-,-,-,-,-,10428
"아시아","아세안","소계",가전·전자·통신기기,통신기기,계,1,2,-,-,-,-,-,-,-,-,-,14
"아시아","아세안","소계",가전·전자·통신기기,통신기기,면세점,0,2,-,-,-,-,-,-,-,-,-,1
"아시아","아세안","소계",가전·전자·통신기기,통신기기,면세점 이외,1,0,-,-,-,-,-,-,-,-,-,13
"아시아","아세안","소계",소프트웨어,소계,계,0,0,81,235,26,40,42,8,3,3,0,24
"아시아","아세안","소계",소프트웨어,소계,면세점,0,0,-,-,-,0,0,0,0,0,0,0
"아시아","아세안","소계",소프트웨어,소계,면세점 이외,0,0,-,-,-,40,42,8,3,3,0,24
"아시아","아세안","소계",서 적,소계,계,187,102,704,781,2118,5584,7528,4434,4192,4078,2152,884
"아시아","아세안","소계",서 적,소계,면세점,0,0,-,-,-,0,0,0,0,0,0,0
"아시아","아세안","소계",서 적,소계,면세점 이외,187,102,-,-,-,5584,7528,4434,4192,4078,2152,884
"아시아","아세안","소계",사무·문구,소계,계,897,524,3499,2611,2912,2580,1846,2374,3279,2528,2625,2881
"아시아","아세안","소계",사무·문구,소계,면세점,0,0,-,-,-,0,0,0,0,0,3,0
"아시아","아세안","소계",사무·문구,소계,면세점 이외,897,524,-,-,-,2580,1846,2374,3279,2528,2622,2881
"아시아","아세안","소계",음반·비디오·악기,소계,계,468,229,439,479,2365,5958,9083,7634,16135,19796,13137,4007
"아시아","아세안","소계",음반·비디오·악기,소계,면세점,0,0,-,-,-,0,0,0,0,0,0,0
"아시아","아세안","소계",음반·비디오·악기,소계,면세점 이외,468,229,-,-,-,5958,9083,7634,16135,19796,13137,4007
"아시아","아세안","소계",의류 및 패션 관련 상품,소계,계,7124,13506,14936,19639,24478,24297,23068,31247,39339,30744,32980,27025
"아시아","아세안","소계",의류 및 패션 관련 상품,소계,면세점,404,341,-,-,-,2254,4239,5827,1347,179,847,1155
"아시아","아세안","소계",의류 및 패션 관련 상품,소계,면세점 이외,6720,13165,-,-,-,22043,18829,25420,37992,30565,32133,25870
"아시아","아세안","소계",스포츠·레저용품,소계,계,1792,1065,3596,5969,6860,6313,5373,6118,7423,5693,5460,6269
"아시아","아세안","소계",스포츠·레저용품,소계,면세점,0,0,-,-,-,2,0,0,0,0,0,0
"아시아","아세안","소계",스포츠·레저용품,소계,면세점 이외,1792,1065,-,-,-,6311,5373,6118,7423,5693,5460,6269
"아시아","아세안","소계",화장품,소계,계,13654,11595,1705,5065,10773,73966,90635,116421,35667,10736,19282,34597
"아시아","아세안","소계",화장품,소계,면세점,12050,9921,-,-,-,59099,79477,105917,28335,6582,15650,28585
"아시아","아세안","소계",화장품,소계,면세점 이외,1604,1674,-,-,-,14867,11158,10504,7332,4154,3632,6012
"아시아","아세안","소계",아동·유아용품,소계,계,222,222,391,714,2242,4396,5667,5109,2698,2802,1089,912
"아시아","아세안","소계",아동·유아용품,소계,면세점,0,0,-,-,-,0,0,5,0,0,0,0
"아시아","아세안","소계",아동·유아용품,소계,면세점 이외,222,222,-,-,-,4396,5667,5104,2698,2802,1089,912
"아시아","아세안","소계",음·식료품,소계,계,196,298,1093,972,1142,1442,2461,2762,4461,1810,743,703
"아시아","아세안","소계",음·식료품,소계,면세점,64,102,-,-,-,601,1651,1306,170,51,152,250
"아시아","아세안","소계",음·식료품,소계,면세점 이외,132,196,-,-,-,841,810,1456,4291,1759,591,453
"아시아","아세안","소계",농축수산물,소계,계,0,0,478,461,66,42,42,33,17,4,0,0
"아시아","아세안","소계",농축수산물,소계,면세점,0,0,-,-,-,0,0,0,0,0,0,0
"아시아","아세안","소계",농축수산물,소계,면세점 이외,0,0,-,-,-,42,42,33,17,4,0,0
"아시아","아세안","소계",생활·자동차용품,소계,계,1574,1016,4406,6915,7838,6848,5091,5604,6432,7966,4749,5281
"아시아","아세안","소계",생활·자동차용품,소계,면세점,0,0,-,-,-,0,0,0,0,0,0,0
"아시아","아세안","소계",생활·자동차용품,소계,면세점 이외,1574,1016,-,-,-,6848,5091,5604,6432,7966,4749,5281
"아시아","아세안","소계",기 타,소계,계,170,323,1192,1208,1272,1406,2709,3979,2620,4030,1333,760
"아시아","아세안","소계",기 타,소계,면세점,0,0,-,-,-,3,2,1,0,0,0,0
"아시아","아세안","소계",기 타,소계,면세점 이외,170,323,-,-,-,1403,2707,3978,2620,4030,1333,760
"아시아","중동","소계",합계,소계,계,1267,705,8904,8918,8119,8089,8023,9325,11467,6111,2635,3568
"아시아","중동","소계",합계,소계,면세점,0,0,-,-,-,0,4,0,0,0,0,1
"아시아","중동","소계",합계,소계,면세점 이외,1267,705,-,-,-,8089,8019,9325,11467,6111,2635,3567
"아시아","중동","소계",컴퓨터 및 주변기기,소계,계,115,33,607,496,483,546,250,335,388,244,97,286
"아시아","중동","소계",컴퓨터 및 주변기기,소계,면세점,0,0,-,-,-,0,0,0,0,0,0,0
"아시아","중동","소계",컴퓨터 및 주변기기,소계,면세점 이외,115,33,-,-,-,546,250,335,388,244,97,286
"아시아","중동","소계",가전·전자·통신기기,소계,계,19,17,2682,2171,1464,1271,699,834,839,426,65,64
"아시아","중동","소계",가전·전자·통신기기,소계,면세점,0,0,-,-,-,0,0,0,0,0,0,0
"아시아","중동","소계",가전·전자·통신기기,소계,면세점 이외,19,17,-,-,-,1271,699,834,839,426,65,64
"아시아","중동","소계",가전·전자·통신기기,가전·전자,계,16,13,-,-,-,-,-,-,-,-,-,49
"아시아","중동","소계",가전·전자·통신기기,가전·전자,면세점,0,0,-,-,-,-,-,-,-,-,-,0
"아시아","중동","소계",가전·전자·통신기기,가전·전자,면세점 이외,16,13,-,-,-,-,-,-,-,-,-,49
"아시아","중동","소계",가전·전자·통신기기,통신기기,계,3,4,-,-,-,-,-,-,-,-,-,15
"아시아","중동","소계",가전·전자·통신기기,통신기기,면세점,0,0,-,-,-,-,-,-,-,-,-,0
"아시아","중동","소계",가전·전자·통신기기,통신기기,면세점 이외,3,4,-,-,-,-,-,-,-,-,-,15
"아시아","중동","소계",소프트웨어,소계,계,0,0,28,113,65,21,36,20,17,5,0,1
"아시아","중동","소계",소프트웨어,소계,면세점,0,0,-,-,-,0,0,0,0,0,0,0
"아시아","중동","소계",소프트웨어,소계,면세점 이외,0,0,-,-,-,21,36,20,17,5,0,1
"아시아","중동","소계",서 적,소계,계,91,25,19,31,87,131,233,294,139,145,151,137
"아시아","중동","소계",서 적,소계,면세점,0,0,-,-,-,0,0,0,0,0,0,0
"아시아","중동","소계",서 적,소계,면세점 이외,91,25,-,-,-,131,233,294,139,145,151,137
"아시아","중동","소계",사무·문구,소계,계,6,2,0,2,11,8,7,4,4,9,10,9
"아시아","중동","소계",사무·문구,소계,면세점,0,0,-,-,-,0,0,0,0,0,0,0
"아시아","중동","소계",사무·문구,소계,면세점 이외,6,2,-,-,-,8,7,4,4,9,10,9
"아시아","중동","소계",음반·비디오·악기,소계,계,548,136,108,131,463,402,784,1107,3250,1356,939,1647
"아시아","중동","소계",음반·비디오·악기,소계,면세점,0,0,-,-,-,0,0,0,0,0,0,0
"아시아","중동","소계",음반·비디오·악기,소계,면세점 이외,548,136,-,-,-,402,784,1107,3250,1356,939,1647
"아시아","중동","소계",의류 및 패션 관련 상품,소계,계,93,81,1172,1018,968,808,879,951,1776,1383,669,319
"아시아","중동","소계",의류 및 패션 관련 상품,소계,면세점,0,0,-,-,-,0,3,0,0,0,0,0
"아시아","중동","소계",의류 및 패션 관련 상품,소계,면세점 이외,93,81,-,-,-,808,876,951,1776,1383,669,319
"아시아","중동","소계",스포츠·레저용품,소계,계,1,1,267,244,259,193,207,180,196,109,7,4
"아시아","중동","소계",스포츠·레저용품,소계,면세점,0,0,-,-,-,0,0,0,0,0,0,0
"아시아","중동","소계",스포츠·레저용품,소계,면세점 이외,1,1,-,-,-,193,207,180,196,109,7,4
"아시아","중동","소계",화장품,소계,계,366,384,1794,2312,2152,2333,2866,3399,2217,1396,582,1007
"아시아","중동","소계",화장품,소계,면세점,0,0,-,-,-,0,1,0,0,0,0,1
"아시아","중동","소계",화장품,소계,면세점 이외,366,384,-,-,-,2333,2865,3399,2217,1396,582,1006
"아시아","중동","소계",아동·유아용품,소계,계,3,0,426,425,308,229,222,156,121,85,17,6
"아시아","중동","소계",아동·유아용품,소계,면세점,0,0,-,-,-,0,0,0,0,0,0,0
"아시아","중동","소계",아동·유아용품,소계,면세점 이외,3,0,-,-,-,229,222,156,121,85,17,6
"아시아","중동","소계",음·식료품,소계,계,1,5,160,170,15,18,17,27,927,8,10,4
"아시아","중동","소계",음·식료품,소계,면세점,0,0,-,-,-,0,0,0,0,0,0,0
"아시아","중동","소계",음·식료품,소계,면세점 이외,1,5,-,-,-,18,17,27,927,8,10,4
"아시아","중동","소계",농축수산물,소계,계,0,0,72,131,0,0,0,0,0,0,0,0
"아시아","중동","소계",농축수산물,소계,면세점,0,0,-,-,-,0,0,0,0,0,0,0
"아시아","중동","소계",농축수산물,소계,면세점 이외,0,0,-,-,-,0,0,0,0,0,0,0
"아시아","중동","소계",생활·자동차용품,소계,계,9,12,1223,1289,1433,1640,1423,1572,1060,549,15,25
"아시아","중동","소계",생활·자동차용품,소계,면세점,0,0,-,-,-,0,0,0,0,0,0,0
"아시아","중동","소계",생활·자동차용품,소계,면세점 이외,9,12,-,-,-,1640,1423,1572,1060,549,15,25
"아시아","중동","소계",기 타,소계,계,15,9,346,385,411,489,400,446,533,388,72,59
"아시아","중동","소계",기 타,소계,면세점,0,0,-,-,-,0,0,0,0,0,0,0
"아시아","중동","소계",기 타,소계,면세점 이외,15,9,-,-,-,489,400,446,533,388,72,59
"아시아","기타 아시아","소계",합계,소계,계,2290,1540,-,-,-,-,-,-,-,-,-,5411
"아시아","기타 아시아","소계",합계,소계,면세점,1904,1209,-,-,-,-,-,-,-,-,-,3596
"아시아","기타 아시아","소계",합계,소계,면세점 이외,386,331,-,-,-,-,-,-,-,-,-,1815
"아시아","기타 아시아","소계",컴퓨터 및 주변기기,소계,계,22,15,-,-,-,-,-,-,-,-,-,229
"아시아","기타 아시아","소계",컴퓨터 및 주변기기,소계,면세점,0,0,-,-,-,-,-,-,-,-,-,0
"아시아","기타 아시아","소계",컴퓨터 및 주변기기,소계,면세점 이외,22,15,-,-,-,-,-,-,-,-,-,229
"아시아","기타 아시아","소계",가전·전자·통신기기,소계,계,24,23,-,-,-,-,-,-,-,-,-,124
"아시아","기타 아시아","소계",가전·전자·통신기기,소계,면세점,23,14,-,-,-,-,-,-,-,-,-,75
"아시아","기타 아시아","소계",가전·전자·통신기기,소계,면세점 이외,1,9,-,-,-,-,-,-,-,-,-,49
"아시아","기타 아시아","소계",가전·전자·통신기기,가전·전자,계,24,19,-,-,-,-,-,-,-,-,-,93
"아시아","기타 아시아","소계",가전·전자·통신기기,가전·전자,면세점,23,14,-,-,-,-,-,-,-,-,-,75
"아시아","기타 아시아","소계",가전·전자·통신기기,가전·전자,면세점 이외,1,5,-,-,-,-,-,-,-,-,-,18
"아시아","기타 아시아","소계",가전·전자·통신기기,통신기기,계,0,4,-,-,-,-,-,-,-,-,-,31
"아시아","기타 아시아","소계",가전·전자·통신기기,통신기기,면세점,0,0,-,-,-,-,-,-,-,-,-,0
"아시아","기타 아시아","소계",가전·전자·통신기기,통신기기,면세점 이외,0,4,-,-,-,-,-,-,-,-,-,31
"아시아","기타 아시아","소계",소프트웨어,소계,계,0,0,-,-,-,-,-,-,-,-,-,0
"아시아","기타 아시아","소계",소프트웨어,소계,면세점,0,0,-,-,-,-,-,-,-,-,-,0
"아시아","기타 아시아","소계",소프트웨어,소계,면세점 이외,0,0,-,-,-,-,-,-,-,-,-,0
"아시아","기타 아시아","소계",서 적,소계,계,1,0,-,-,-,-,-,-,-,-,-,12
"아시아","기타 아시아","소계",서 적,소계,면세점,0,0,-,-,-,-,-,-,-,-,-,0
"아시아","기타 아시아","소계",서 적,소계,면세점 이외,1,0,-,-,-,-,-,-,-,-,-,12
"아시아","기타 아시아","소계",사무·문구,소계,계,3,0,-,-,-,-,-,-,-,-,-,7
"아시아","기타 아시아","소계",사무·문구,소계,면세점,0,0,-,-,-,-,-,-,-,-,-,0
"아시아","기타 아시아","소계",사무·문구,소계,면세점 이외,3,0,-,-,-,-,-,-,-,-,-,7
"아시아","기타 아시아","소계",음반·비디오·악기,소계,계,159,67,-,-,-,-,-,-,-,-,-,697
"아시아","기타 아시아","소계",음반·비디오·악기,소계,면세점,0,0,-,-,-,-,-,-,-,-,-,0
"아시아","기타 아시아","소계",음반·비디오·악기,소계,면세점 이외,159,67,-,-,-,-,-,-,-,-,-,697
"아시아","기타 아시아","소계",의류 및 패션 관련 상품,소계,계,211,159,-,-,-,-,-,-,-,-,-,672
"아시아","기타 아시아","소계",의류 및 패션 관련 상품,소계,면세점,129,112,-,-,-,-,-,-,-,-,-,234
"아시아","기타 아시아","소계",의류 및 패션 관련 상품,소계,면세점 이외,82,47,-,-,-,-,-,-,-,-,-,438
"아시아","기타 아시아","소계",스포츠·레저용품,소계,계,0,0,-,-,-,-,-,-,-,-,-,1
"아시아","기타 아시아","소계",스포츠·레저용품,소계,면세점,0,0,-,-,-,-,-,-,-,-,-,0
"아시아","기타 아시아","소계",스포츠·레저용품,소계,면세점 이외,0,0,-,-,-,-,-,-,-,-,-,1
"아시아","기타 아시아","소계",화장품,소계,계,1827,1242,-,-,-,-,-,-,-,-,-,3580
"아시아","기타 아시아","소계",화장품,소계,면세점,1715,1049,-,-,-,-,-,-,-,-,-,3223
"아시아","기타 아시아","소계",화장품,소계,면세점 이외,112,193,-,-,-,-,-,-,-,-,-,357
"아시아","기타 아시아","소계",아동·유아용품,소계,계,0,0,-,-,-,-,-,-,-,-,-,2
"아시아","기타 아시아","소계",아동·유아용품,소계,면세점,0,0,-,-,-,-,-,-,-,-,-,0
"아시아","기타 아시아","소계",아동·유아용품,소계,면세점 이외,0,0,-,-,-,-,-,-,-,-,-,2
"아시아","기타 아시아","소계",음·식료품,소계,계,38,34,-,-,-,-,-,-,-,-,-,70
"아시아","기타 아시아","소계",음·식료품,소계,면세점,37,34,-,-,-,-,-,-,-,-,-,64
"아시아","기타 아시아","소계",음·식료품,소계,면세점 이외,1,0,-,-,-,-,-,-,-,-,-,6
"아시아","기타 아시아","소계",농축수산물,소계,계,0,0,-,-,-,-,-,-,-,-,-,0
"아시아","기타 아시아","소계",농축수산물,소계,면세점,0,0,-,-,-,-,-,-,-,-,-,0
"아시아","기타 아시아","소계",농축수산물,소계,면세점 이외,0,0,-,-,-,-,-,-,-,-,-,0
"아시아","기타 아시아","소계",생활·자동차용품,소계,계,3,0,-,-,-,-,-,-,-,-,-,4
"아시아","기타 아시아","소계",생활·자동차용품,소계,면세점,0,0,-,-,-,-,-,-,-,-,-,0
"아시아","기타 아시아","소계",생활·자동차용품,소계,면세점 이외,3,0,-,-,-,-,-,-,-,-,-,4
"아시아","기타 아시아","소계",기 타,소계,계,2,0,-,-,-,-,-,-,-,-,-,13
"아시아","기타 아시아","소계",기 타,소계,면세점,0,0,-,-,-,-,-,-,-,-,-,0
"아시아","기타 아시아","소계",기 타,소계,면세점 이외,2,0,-,-,-,-,-,-,-,-,-,13
"북미","소계","소계",합계,소계,계,74235,60069,-,-,-,-,-,-,-,-,-,250320
"북미","소계","소계",합계,소계,면세점,1739,697,-,-,-,-,-,-,-,-,-,3470
"북미","소계","소계",합계,소계,면세점 이외,72496,59372,-,-,-,-,-,-,-,-,-,246850
"북미","소계","소계",컴퓨터 및 주변기기,소계,계,1144,1050,-,-,-,-,-,-,-,-,-,4923
"북미","소계","소계",컴퓨터 및 주변기기,소계,면세점,0,0,-,-,-,-,-,-,-,-,-,0
"북미","소계","소계",컴퓨터 및 주변기기,소계,면세점 이외,1144,1050,-,-,-,-,-,-,-,-,-,4923
"북미","소계","소계",가전·전자·통신기기,소계,계,968,1135,-,-,-,-,-,-,-,-,-,3487
"북미","소계","소계",가전·전자·통신기기,소계,면세점,50,22,-,-,-,-,-,-,-,-,-,101
"북미","소계","소계",가전·전자·통신기기,소계,면세점 이외,918,1113,-,-,-,-,-,-,-,-,-,3386
"북미","소계","소계",가전·전자·통신기기,가전·전자,계,940,1070,-,-,-,-,-,-,-,-,-,3162
"북미","소계","소계",가전·전자·통신기기,가전·전자,면세점,50,21,-,-,-,-,-,-,-,-,-,87
"북미","소계","소계",가전·전자·통신기기,가전·전자,면세점 이외,890,1049,-,-,-,-,-,-,-,-,-,3075
"북미","소계","소계",가전·전자·통신기기,통신기기,계,28,65,-,-,-,-,-,-,-,-,-,325
"북미","소계","소계",가전·전자·통신기기,통신기기,면세점,0,1,-,-,-,-,-,-,-,-,-,14
"북미","소계","소계",가전·전자·통신기기,통신기기,면세점 이외,28,64,-,-,-,-,-,-,-,-,-,311
"북미","소계","소계",소프트웨어,소계,계,238,83,-,-,-,-,-,-,-,-,-,583
"북미","소계","소계",소프트웨어,소계,면세점,0,0,-,-,-,-,-,-,-,-,-,0
"북미","소계","소계",소프트웨어,소계,면세점 이외,238,83,-,-,-,-,-,-,-,-,-,583
"북미","소계","소계",서 적,소계,계,1776,1263,-,-,-,-,-,-,-,-,-,5700
"북미","소계","소계",서 적,소계,면세점,0,0,-,-,-,-,-,-,-,-,-,0
"북미","소계","소계",서 적,소계,면세점 이외,1776,1263,-,-,-,-,-,-,-,-,-,5700
"북미","소계","소계",사무·문구,소계,계,1760,587,-,-,-,-,-,-,-,-,-,2777
"북미","소계","소계",사무·문구,소계,면세점,0,0,-,-,-,-,-,-,-,-,-,0
"북미","소계","소계",사무·문구,소계,면세점 이외,1760,587,-,-,-,-,-,-,-,-,-,2777
"북미","소계","소계",음반·비디오·악기,소계,계,13652,6776,-,-,-,-,-,-,-,-,-,44627
"북미","소계","소계",음반·비디오·악기,소계,면세점,0,0,-,-,-,-,-,-,-,-,-,0
"북미","소계","소계",음반·비디오·악기,소계,면세점 이외,13652,6776,-,-,-,-,-,-,-,-,-,44627
"북미","소계","소계",의류 및 패션 관련 상품,소계,계,28152,23246,-,-,-,-,-,-,-,-,-,88035
"북미","소계","소계",의류 및 패션 관련 상품,소계,면세점,164,98,-,-,-,-,-,-,-,-,-,340
"북미","소계","소계",의류 및 패션 관련 상품,소계,면세점 이외,27988,23148,-,-,-,-,-,-,-,-,-,87695
"북미","소계","소계",스포츠·레저용품,소계,계,229,254,-,-,-,-,-,-,-,-,-,1102
"북미","소계","소계",스포츠·레저용품,소계,면세점,0,0,-,-,-,-,-,-,-,-,-,0
"북미","소계","소계",스포츠·레저용품,소계,면세점 이외,229,254,-,-,-,-,-,-,-,-,-,1102
"북미","소계","소계",화장품,소계,계,13779,12822,-,-,-,-,-,-,-,-,-,54327
"북미","소계","소계",화장품,소계,면세점,1376,433,-,-,-,-,-,-,-,-,-,2597
"북미","소계","소계",화장품,소계,면세점 이외,12403,12389,-,-,-,-,-,-,-,-,-,51730
"북미","소계","소계",아동·유아용품,소계,계,430,329,-,-,-,-,-,-,-,-,-,1620
"북미","소계","소계",아동·유아용품,소계,면세점,0,0,-,-,-,-,-,-,-,-,-,0
"북미","소계","소계",아동·유아용품,소계,면세점 이외,430,329,-,-,-,-,-,-,-,-,-,1620
"북미","소계","소계",음·식료품,소계,계,2205,2228,-,-,-,-,-,-,-,-,-,7199
"북미","소계","소계",음·식료품,소계,면세점,149,144,-,-,-,-,-,-,-,-,-,432
"북미","소계","소계",음·식료품,소계,면세점 이외,2056,2084,-,-,-,-,-,-,-,-,-,6767
"북미","소계","소계",농축수산물,소계,계,10,8,-,-,-,-,-,-,-,-,-,32
"북미","소계","소계",농축수산물,소계,면세점,0,0,-,-,-,-,-,-,-,-,-,0
"북미","소계","소계",농축수산물,소계,면세점 이외,10,8,-,-,-,-,-,-,-,-,-,32
"북미","소계","소계",생활·자동차용품,소계,계,2515,2161,-,-,-,-,-,-,-,-,-,7403
"북미","소계","소계",생활·자동차용품,소계,면세점,0,0,-,-,-,-,-,-,-,-,-,0
"북미","소계","소계",생활·자동차용품,소계,면세점 이외,2515,2161,-,-,-,-,-,-,-,-,-,7403
"북미","소계","소계",기 타,소계,계,7377,8127,-,-,-,-,-,-,-,-,-,28505
"북미","소계","소계",기 타,소계,면세점,0,0,-,-,-,-,-,-,-,-,-,0
"북미","소계","소계",기 타,소계,면세점 이외,7377,8127,-,-,-,-,-,-,-,-,-,28505
"북미","미국","소계",합계,소계,계,72022,58185,96363,132638,154721,183587,169495,195524,256569,275283,213205,243362
"북미","미국","소계",합계,소계,면세점,1700,670,-,-,-,38996,13183,8907,1185,2013,931,3368
"북미","미국","소계",합계,소계,면세점 이외,70322,57515,-,-,-,144591,156312,186617,255384,273270,212274,239994
"북미","미국","소계",컴퓨터 및 주변기기,소계,계,1067,1004,7333,7390,7889,3707,7144,5742,6057,6602,3854,4529
"북미","미국","소계",컴퓨터 및 주변기기,소계,면세점,0,0,-,-,-,0,1,0,0,0,0,0
"북미","미국","소계",컴퓨터 및 주변기기,소계,면세점 이외,1067,1004,-,-,-,3707,7143,5742,6057,6602,3854,4529
"북미","미국","소계",가전·전자·통신기기,소계,계,919,1073,12054,14254,12590,10433,7062,8635,10123,7245,2152,3293
"북미","미국","소계",가전·전자·통신기기,소계,면세점,50,22,-,-,-,102,227,338,20,10,10,86
"북미","미국","소계",가전·전자·통신기기,소계,면세점 이외,869,1051,-,-,-,10331,6835,8297,10103,7235,2142,3207
"북미","미국","소계",가전·전자·통신기기,가전·전자,계,894,1011,-,-,-,-,-,-,-,-,-,3010
"북미","미국","소계",가전·전자·통신기기,가전·전자,면세점,50,21,-,-,-,-,-,-,-,-,-,85
"북미","미국","소계",가전·전자·통신기기,가전·전자,면세점 이외,844,990,-,-,-,-,-,-,-,-,-,2925
"북미","미국","소계",가전·전자·통신기기,통신기기,계,25,62,-,-,-,-,-,-,-,-,-,283
"북미","미국","소계",가전·전자·통신기기,통신기기,면세점,0,1,-,-,-,-,-,-,-,-,-,1
"북미","미국","소계",가전·전자·통신기기,통신기기,면세점 이외,25,61,-,-,-,-,-,-,-,-,-,282
"북미","미국","소계",소프트웨어,소계,계,238,83,281,574,415,416,867,700,865,866,493,581
"북미","미국","소계",소프트웨어,소계,면세점,0,0,-,-,-,0,0,0,0,0,0,0
"북미","미국","소계",소프트웨어,소계,면세점 이외,238,83,-,-,-,416,867,700,865,866,493,581
"북미","미국","소계",서 적,소계,계,1653,1212,3622,4483,6564,7212,7889,8138,9709,6726,5669,5376
"북미","미국","소계",서 적,소계,면세점,0,0,-,-,-,0,0,0,0,0,0,0
"북미","미국","소계",서 적,소계,면세점 이외,1653,1212,-,-,-,7212,7889,8138,9709,6726,5669,5376
"북미","미국","소계",사무·문구,소계,계,1656,554,67,677,230,237,281,454,398,3439,2894,2651
"북미","미국","소계",사무·문구,소계,면세점,0,0,-,-,-,0,0,0,0,0,1,0
"북미","미국","소계",사무·문구,소계,면세점 이외,1656,554,-,-,-,237,281,454,398,3439,2893,2651
"북미","미국","소계",음반·비디오·악기,소계,계,13034,6542,3050,3566,5241,8716,13858,19596,32919,41892,29813,42669
"북미","미국","소계",음반·비디오·악기,소계,면세점,0,0,-,-,-,0,0,0,0,0,0,0
"북미","미국","소계",음반·비디오·악기,소계,면세점 이외,13034,6542,-,-,-,8716,13858,19596,32919,41892,29813,42669
"북미","미국","소계",의류 및 패션 관련 상품,소계,계,27688,22905,33223,38066,48451,51638,47875,55536,82207,96044,86694,86764
"북미","미국","소계",의류 및 패션 관련 상품,소계,면세점,162,96,-,-,-,462,522,411,53,59,116,333
"북미","미국","소계",의류 및 패션 관련 상품,소계,면세점 이외,27526,22809,-,-,-,51176,47353,55125,82154,95985,86578,86431
"북미","미국","소계",스포츠·레저용품,소계,계,221,241,2078,2207,3542,4504,4892,6768,5862,4952,1696,1068
"북미","미국","소계",스포츠·레저용품,소계,면세점,0,0,-,-,-,0,4,4,0,0,0,0
"북미","미국","소계",스포츠·레저용품,소계,면세점 이외,221,241,-,-,-,4504,4888,6764,5862,4952,1696,1068
"북미","미국","소계",화장품,소계,계,13452,11942,15447,32951,45684,69374,50583,49620,50509,41815,33724,52539
"북미","미국","소계",화장품,소계,면세점,1359,420,-,-,-,38094,12046,7834,1063,1855,548,2561
"북미","미국","소계",화장품,소계,면세점 이외,12093,11522,-,-,-,31280,38537,41786,49446,39960,33176,49978
"북미","미국","소계",아동·유아용품,소계,계,421,323,2238,3067,2810,2712,3345,5598,4934,6434,1993,1581
"북미","미국","소계",아동·유아용품,소계,면세점,0,0,-,-,-,2,3,0,0,0,0,0
"북미","미국","소계",아동·유아용품,소계,면세점 이외,421,323,-,-,-,2710,3342,5598,4934,6434,1993,1581
"북미","미국","소계",음·식료품,소계,계,2069,2096,1874,2057,1184,1263,1105,1675,2755,3913,4969,7002
"북미","미국","소계",음·식료품,소계,면세점,129,132,-,-,-,336,380,318,49,89,256,388
"북미","미국","소계",음·식료품,소계,면세점 이외,1940,1964,-,-,-,927,725,1357,2706,3824,4713,6614
"북미","미국","소계",농축수산물,소계,계,10,8,463,579,3,3,34,13,33,20,44,32
"북미","미국","소계",농축수산물,소계,면세점,0,0,-,-,-,0,0,0,0,0,0,0
"북미","미국","소계",농축수산물,소계,면세점 이외,10,8,-,-,-,3,34,13,33,20,44,32
"북미","미국","소계",생활·자동차용품,소계,계,2473,2127,7532,13292,10305,10545,9149,11706,11467,9693,4289,7312
"북미","미국","소계",생활·자동차용품,소계,면세점,0,0,-,-,-,0,0,2,0,0,0,0
"북미","미국","소계",생활·자동차용품,소계,면세점 이외,2473,2127,-,-,-,10545,9149,11704,11467,9693,4289,7312
"북미","미국","소계",기 타,소계,계,7121,8075,7101,9475,9813,12827,15411,21343,38731,45645,34923,27965
"북미","미국","소계",기 타,소계,면세점,0,0,-,-,-,0,0,0,0,0,0,0
"북미","미국","소계",기 타,소계,면세점 이외,7121,8075,-,-,-,12827,15411,21343,38731,45645,34923,27965
"북미","캐나다","소계",합계,소계,계,2213,1884,-,-,-,-,-,-,-,-,-,6958
"북미","캐나다","소계",합계,소계,면세점,39,27,-,-,-,-,-,-,-,-,-,102
"북미","캐나다","소계",합계,소계,면세점 이외,2174,1857,-,-,-,-,-,-,-,-,-,6856
"북미","캐나다","소계",컴퓨터 및 주변기기,소계,계,77,46,-,-,-,-,-,-,-,-,-,394
"북미","캐나다","소계",컴퓨터 및 주변기기,소계,면세점,0,0,-,-,-,-,-,-,-,-,-,0
"북미","캐나다","소계",컴퓨터 및 주변기기,소계,면세점 이외,77,46,-,-,-,-,-,-,-,-,-,394
"북미","캐나다","소계",가전·전자·통신기기,소계,계,49,62,-,-,-,-,-,-,-,-,-,194
"북미","캐나다","소계",가전·전자·통신기기,소계,면세점,0,0,-,-,-,-,-,-,-,-,-,15
"북미","캐나다","소계",가전·전자·통신기기,소계,면세점 이외,49,62,-,-,-,-,-,-,-,-,-,179
"북미","캐나다","소계",가전·전자·통신기기,가전·전자,계,46,59,-,-,-,-,-,-,-,-,-,152
"북미","캐나다","소계",가전·전자·통신기기,가전·전자,면세점,0,0,-,-,-,-,-,-,-,-,-,2
"북미","캐나다","소계",가전·전자·통신기기,가전·전자,면세점 이외,46,59,-,-,-,-,-,-,-,-,-,150
"북미","캐나다","소계",가전·전자·통신기기,통신기기,계,3,3,-,-,-,-,-,-,-,-,-,42
"북미","캐나다","소계",가전·전자·통신기기,통신기기,면세점,0,0,-,-,-,-,-,-,-,-,-,13
"북미","캐나다","소계",가전·전자·통신기기,통신기기,면세점 이외,3,3,-,-,-,-,-,-,-,-,-,29
"북미","캐나다","소계",소프트웨어,소계,계,0,0,-,-,-,-,-,-,-,-,-,2
"북미","캐나다","소계",소프트웨어,소계,면세점,0,0,-,-,-,-,-,-,-,-,-,0
"북미","캐나다","소계",소프트웨어,소계,면세점 이외,0,0,-,-,-,-,-,-,-,-,-,2
"북미","캐나다","소계",서 적,소계,계,123,51,-,-,-,-,-,-,-,-,-,324
"북미","캐나다","소계",서 적,소계,면세점,0,0,-,-,-,-,-,-,-,-,-,0
"북미","캐나다","소계",서 적,소계,면세점 이외,123,51,-,-,-,-,-,-,-,-,-,324
"북미","캐나다","소계",사무·문구,소계,계,104,33,-,-,-,-,-,-,-,-,-,126
"북미","캐나다","소계",사무·문구,소계,면세점,0,0,-,-,-,-,-,-,-,-,-,0
"북미","캐나다","소계",사무·문구,소계,면세점 이외,104,33,-,-,-,-,-,-,-,-,-,126
"북미","캐나다","소계",음반·비디오·악기,소계,계,618,234,-,-,-,-,-,-,-,-,-,1958
"북미","캐나다","소계",음반·비디오·악기,소계,면세점,0,0,-,-,-,-,-,-,-,-,-,0
"북미","캐나다","소계",음반·비디오·악기,소계,면세점 이외,618,234,-,-,-,-,-,-,-,-,-,1958
"북미","캐나다","소계",의류 및 패션 관련 상품,소계,계,464,341,-,-,-,-,-,-,-,-,-,1271
"북미","캐나다","소계",의류 및 패션 관련 상품,소계,면세점,2,2,-,-,-,-,-,-,-,-,-,7
"북미","캐나다","소계",의류 및 패션 관련 상품,소계,면세점 이외,462,339,-,-,-,-,-,-,-,-,-,1264
"북미","캐나다","소계",스포츠·레저용품,소계,계,8,13,-,-,-,-,-,-,-,-,-,34
"북미","캐나다","소계",스포츠·레저용품,소계,면세점,0,0,-,-,-,-,-,-,-,-,-,0
"북미","캐나다","소계",스포츠·레저용품,소계,면세점 이외,8,13,-,-,-,-,-,-,-,-,-,34
"북미","캐나다","소계",화장품,소계,계,327,880,-,-,-,-,-,-,-,-,-,1788
"북미","캐나다","소계",화장품,소계,면세점,17,13,-,-,-,-,-,-,-,-,-,36
"북미","캐나다","소계",화장품,소계,면세점 이외,310,867,-,-,-,-,-,-,-,-,-,1752
"북미","캐나다","소계",아동·유아용품,소계,계,9,6,-,-,-,-,-,-,-,-,-,39
"북미","캐나다","소계",아동·유아용품,소계,면세점,0,0,-,-,-,-,-,-,-,-,-,0
"북미","캐나다","소계",아동·유아용품,소계,면세점 이외,9,6,-,-,-,-,-,-,-,-,-,39
"북미","캐나다","소계",음·식료품,소계,계,136,132,-,-,-,-,-,-,-,-,-,197
"북미","캐나다","소계",음·식료품,소계,면세점,20,12,-,-,-,-,-,-,-,-,-,44
"북미","캐나다","소계",음·식료품,소계,면세점 이외,116,120,-,-,-,-,-,-,-,-,-,153
"북미","캐나다","소계",농축수산물,소계,계,0,0,-,-,-,-,-,-,-,-,-,0
"북미","캐나다","소계",농축수산물,소계,면세점,0,0,-,-,-,-,-,-,-,-,-,0
"북미","캐나다","소계",농축수산물,소계,면세점 이외,0,0,-,-,-,-,-,-,-,-,-,0
"북미","캐나다","소계",생활·자동차용품,소계,계,42,34,-,-,-,-,-,-,-,-,-,91
"북미","캐나다","소계",생활·자동차용품,소계,면세점,0,0,-,-,-,-,-,-,-,-,-,0
"북미","캐나다","소계",생활·자동차용품,소계,면세점 이외,42,34,-,-,-,-,-,-,-,-,-,91
"북미","캐나다","소계",기 타,소계,계,256,52,-,-,-,-,-,-,-,-,-,540
"북미","캐나다","소계",기 타,소계,면세점,0,0,-,-,-,-,-,-,-,-,-,0
"북미","캐나다","소계",기 타,소계,면세점 이외,256,52,-,-,-,-,-,-,-,-,-,540
"유럽","소계","소계",합계,소계,계,7255,5908,-,-,-,-,-,-,-,-,-,39074
"유럽","소계","소계",합계,소계,면세점,56,41,-,-,-,-,-,-,-,-,-,520
"유럽","소계","소계",합계,소계,면세점 이외,7199,5867,-,-,-,-,-,-,-,-,-,38554
"유럽","소계","소계",컴퓨터 및 주변기기,소계,계,1507,1400,-,-,-,-,-,-,-,-,-,6147
"유럽","소계","소계",컴퓨터 및 주변기기,소계,면세점,0,0,-,-,-,-,-,-,-,-,-,0
"유럽","소계","소계",컴퓨터 및 주변기기,소계,면세점 이외,1507,1400,-,-,-,-,-,-,-,-,-,6147
"유럽","소계","소계",가전·전자·통신기기,소계,계,477,782,-,-,-,-,-,-,-,-,-,1514
"유럽","소계","소계",가전·전자·통신기기,소계,면세점,3,0,-,-,-,-,-,-,-,-,-,16
"유럽","소계","소계",가전·전자·통신기기,소계,면세점 이외,474,782,-,-,-,-,-,-,-,-,-,1498
"유럽","소계","소계",가전·전자·통신기기,가전·전자,계,315,289,-,-,-,-,-,-,-,-,-,1093
"유럽","소계","소계",가전·전자·통신기기,가전·전자,면세점,3,0,-,-,-,-,-,-,-,-,-,10
"유럽","소계","소계",가전·전자·통신기기,가전·전자,면세점 이외,312,289,-,-,-,-,-,-,-,-,-,1083
"유럽","소계","소계",가전·전자·통신기기,통신기기,계,162,493,-,-,-,-,-,-,-,-,-,421
"유럽","소계","소계",가전·전자·통신기기,통신기기,면세점,0,0,-,-,-,-,-,-,-,-,-,6
"유럽","소계","소계",가전·전자·통신기기,통신기기,면세점 이외,162,493,-,-,-,-,-,-,-,-,-,415
"유럽","소계","소계",소프트웨어,소계,계,0,0,-,-,-,-,-,-,-,-,-,7
"유럽","소계","소계",소프트웨어,소계,면세점,0,0,-,-,-,-,-,-,-,-,-,0
"유럽","소계","소계",소프트웨어,소계,면세점 이외,0,0,-,-,-,-,-,-,-,-,-,7
"유럽","소계","소계",서 적,소계,계,316,162,-,-,-,-,-,-,-,-,-,891
"유럽","소계","소계",서 적,소계,면세점,0,0,-,-,-,-,-,-,-,-,-,0
"유럽","소계","소계",서 적,소계,면세점 이외,316,162,-,-,-,-,-,-,-,-,-,891
"유럽","소계","소계",사무·문구,소계,계,224,82,-,-,-,-,-,-,-,-,-,281
"유럽","소계","소계",사무·문구,소계,면세점,0,0,-,-,-,-,-,-,-,-,-,0
"유럽","소계","소계",사무·문구,소계,면세점 이외,224,82,-,-,-,-,-,-,-,-,-,281
"유럽","소계","소계",음반·비디오·악기,소계,계,2830,908,-,-,-,-,-,-,-,-,-,22434
"유럽","소계","소계",음반·비디오·악기,소계,면세점,0,0,-,-,-,-,-,-,-,-,-,0
"유럽","소계","소계",음반·비디오·악기,소계,면세점 이외,2830,908,-,-,-,-,-,-,-,-,-,22434
"유럽","소계","소계",의류 및 패션 관련 상품,소계,계,820,1100,-,-,-,-,-,-,-,-,-,3529
"유럽","소계","소계",의류 및 패션 관련 상품,소계,면세점,9,5,-,-,-,-,-,-,-,-,-,116
"유럽","소계","소계",의류 및 패션 관련 상품,소계,면세점 이외,811,1095,-,-,-,-,-,-,-,-,-,3413
"유럽","소계","소계",스포츠·레저용품,소계,계,13,20,-,-,-,-,-,-,-,-,-,468
"유럽","소계","소계",스포츠·레저용품,소계,면세점,0,0,-,-,-,-,-,-,-,-,-,0
"유럽","소계","소계",스포츠·레저용품,소계,면세점 이외,13,20,-,-,-,-,-,-,-,-,-,468
"유럽","소계","소계",화장품,소계,계,670,1035,-,-,-,-,-,-,-,-,-,2508
"유럽","소계","소계",화장품,소계,면세점,38,28,-,-,-,-,-,-,-,-,-,346
"유럽","소계","소계",화장품,소계,면세점 이외,632,1007,-,-,-,-,-,-,-,-,-,2162
"유럽","소계","소계",아동·유아용품,소계,계,26,8,-,-,-,-,-,-,-,-,-,194
"유럽","소계","소계",아동·유아용품,소계,면세점,0,0,-,-,-,-,-,-,-,-,-,0
"유럽","소계","소계",아동·유아용품,소계,면세점 이외,26,8,-,-,-,-,-,-,-,-,-,194
"유럽","소계","소계",음·식료품,소계,계,27,33,-,-,-,-,-,-,-,-,-,134
"유럽","소계","소계",음·식료품,소계,면세점,6,8,-,-,-,-,-,-,-,-,-,42
"유럽","소계","소계",음·식료품,소계,면세점 이외,21,25,-,-,-,-,-,-,-,-,-,92
"유럽","소계","소계",농축수산물,소계,계,0,0,-,-,-,-,-,-,-,-,-,0
"유럽","소계","소계",농축수산물,소계,면세점,0,0,-,-,-,-,-,-,-,-,-,0
"유럽","소계","소계",농축수산물,소계,면세점 이외,0,0,-,-,-,-,-,-,-,-,-,0
"유럽","소계","소계",생활·자동차용품,소계,계,105,182,-,-,-,-,-,-,-,-,-,174
"유럽","소계","소계",생활·자동차용품,소계,면세점,0,0,-,-,-,-,-,-,-,-,-,0
"유럽","소계","소계",생활·자동차용품,소계,면세점 이외,105,182,-,-,-,-,-,-,-,-,-,174
"유럽","소계","소계",기 타,소계,계,240,196,-,-,-,-,-,-,-,-,-,793
"유럽","소계","소계",기 타,소계,면세점,0,0,-,-,-,-,-,-,-,-,-,0
"유럽","소계","소계",기 타,소계,면세점 이외,240,196,-,-,-,-,-,-,-,-,-,793
"유럽","유럽연합+영국","소계",합계,소계,계,6612,5448,24682,20446,30230,32090,37566,40163,40842,31694,17615,36091
"유럽","유럽연합+영국","소계",합계,소계,면세점,52,36,-,-,-,548,740,1155,977,44,71,121
"유럽","유럽연합+영국","소계",합계,소계,면세점 이외,6560,5412,-,-,-,31542,36826,39008,39865,31650,17544,35970
"유럽","유럽연합+영국","소계",컴퓨터 및 주변기기,소계,계,1459,1371,2332,1179,1649,1572,3167,2478,1910,1359,3166,5984
"유럽","유럽연합+영국","소계",컴퓨터 및 주변기기,소계,면세점,0,0,-,-,-,0,0,0,0,0,0,0
"유럽","유럽연합+영국","소계",컴퓨터 및 주변기기,소계,면세점 이외,1459,1371,-,-,-,1572,3167,2478,1910,1359,3166,5984
"유럽","유럽연합+영국","소계",가전·전자·통신기기,소계,계,467,763,5427,3132,4304,3794,2605,3680,3041,1798,436,1484
"유럽","유럽연합+영국","소계",가전·전자·통신기기,소계,면세점,3,0,-,-,-,20,26,21,1,0,1,9
"유럽","유럽연합+영국","소계",가전·전자·통신기기,소계,면세점 이외,464,763,-,-,-,3774,2579,3659,3040,1798,435,1475
"유럽","유럽연합+영국","소계",가전·전자·통신기기,가전·전자,계,305,270,-,-,-,-,-,-,-,-,-,1063
"유럽","유럽연합+영국","소계",가전·전자·통신기기,가전·전자,면세점,3,0,-,-,-,-,-,-,-,-,-,3
"유럽","유럽연합+영국","소계",가전·전자·통신기기,가전·전자,면세점 이외,302,270,-,-,-,-,-,-,-,-,-,1060
"유럽","유럽연합+영국","소계",가전·전자·통신기기,통신기기,계,162,493,-,-,-,-,-,-,-,-,-,421
"유럽","유럽연합+영국","소계",가전·전자·통신기기,통신기기,면세점,0,0,-,-,-,-,-,-,-,-,-,6
"유럽","유럽연합+영국","소계",가전·전자·통신기기,통신기기,면세점 이외,162,493,-,-,-,-,-,-,-,-,-,415
"유럽","유럽연합+영국","소계",소프트웨어,소계,계,0,0,142,111,108,155,204,94,99,79,0,7
"유럽","유럽연합+영국","소계",소프트웨어,소계,면세점,0,0,-,-,-,0,0,0,0,0,0,0
"유럽","유럽연합+영국","소계",소프트웨어,소계,면세점 이외,0,0,-,-,-,155,204,94,99,79,0,7
"유럽","유럽연합+영국","소계",서 적,소계,계,259,155,62,77,117,193,271,257,514,963,934,816
"유럽","유럽연합+영국","소계",서 적,소계,면세점,0,0,-,-,-,0,0,0,0,0,0,0
"유럽","유럽연합+영국","소계",서 적,소계,면세점 이외,259,155,-,-,-,193,271,257,514,963,934,816
"유럽","유럽연합+영국","소계",사무·문구,소계,계,211,76,18,14,60,835,66,36,25,79,70,267
"유럽","유럽연합+영국","소계",사무·문구,소계,면세점,0,0,-,-,-,0,0,1,0,0,0,0
"유럽","유럽연합+영국","소계",사무·문구,소계,면세점 이외,211,76,-,-,-,835,66,35,25,79,70,267
"유럽","유럽연합+영국","소계",음반·비디오·악기,소계,계,2501,812,2237,2351,2489,4230,6747,8507,12092,9636,5528,21490
"유럽","유럽연합+영국","소계",음반·비디오·악기,소계,면세점,0,0,-,-,-,0,0,0,0,0,0,0
"유럽","유럽연합+영국","소계",음반·비디오·악기,소계,면세점 이외,2501,812,-,-,-,4230,6747,8507,12092,9636,5528,21490
"유럽","유럽연합+영국","소계",의류 및 패션 관련 상품,소계,계,777,1066,4485,3374,4899,4091,4114,3694,5128,4716,4442,2924
"유럽","유럽연합+영국","소계",의류 및 패션 관련 상품,소계,면세점,9,4,-,-,-,45,75,64,8,10,37,25
"유럽","유럽연합+영국","소계",의류 및 패션 관련 상품,소계,면세점 이외,768,1062,-,-,-,4046,4039,3630,5120,4706,4405,2899
"유럽","유럽연합+영국","소계",스포츠·레저용품,소계,계,12,16,742,557,703,640,808,1424,1297,1170,643,342
"유럽","유럽연합+영국","소계",스포츠·레저용품,소계,면세점,0,0,-,-,-,0,0,0,0,0,0,0
"유럽","유럽연합+영국","소계",스포츠·레저용품,소계,면세점 이외,12,16,-,-,-,640,808,1424,1297,1170,643,342
"유럽","유럽연합+영국","소계",화장품,소계,계,562,845,3428,4858,8960,9540,11805,12841,8487,4082,1218,1695
"유럽","유럽연합+영국","소계",화장품,소계,면세점,34,25,-,-,-,450,614,1035,963,32,27,70
"유럽","유럽연합+영국","소계",화장품,소계,면세점 이외,528,820,-,-,-,9090,11191,11806,7524,4050,1191,1625
"유럽","유럽연합+영국","소계",아동·유아용품,소계,계,26,8,987,855,1166,1193,1300,1253,1354,1798,141,81
"유럽","유럽연합+영국","소계",아동·유아용품,소계,면세점,0,0,-,-,-,0,0,0,0,0,0,0
"유럽","유럽연합+영국","소계",아동·유아용품,소계,면세점 이외,26,8,-,-,-,1193,1300,1253,1354,1798,141,81
"유럽","유럽연합+영국","소계",음·식료품,소계,계,27,32,369,269,110,123,105,86,428,56,57,109
"유럽","유럽연합+영국","소계",음·식료품,소계,면세점,6,7,-,-,-,33,25,34,5,2,6,17
"유럽","유럽연합+영국","소계",음·식료품,소계,면세점 이외,21,25,-,-,-,90,80,52,423,54,51,92
"유럽","유럽연합+영국","소계",농축수산물,소계,계,0,0,162,125,0,3,0,0,0,0,0,0
"유럽","유럽연합+영국","소계",농축수산물,소계,면세점,0,0,-,-,-,0,0,0,0,0,0,0
"유럽","유럽연합+영국","소계",농축수산물,소계,면세점 이외,0,0,-,-,-,3,0,0,0,0,0,0
"유럽","유럽연합+영국","소계",생활·자동차용품,소계,계,84,114,2359,1851,3012,2631,2625,2515,2560,1939,88,146
"유럽","유럽연합+영국","소계",생활·자동차용품,소계,면세점,0,0,-,-,-,0,0,0,0,0,0,0
"유럽","유럽연합+영국","소계",생활·자동차용품,소계,면세점 이외,84,114,-,-,-,2631,2625,2515,2560,1939,88,146
"유럽","유럽연합+영국","소계",기 타,소계,계,227,190,1932,1693,2653,3090,3749,3298,3907,4018,901,746
"유럽","유럽연합+영국","소계",기 타,소계,면세점,0,0,-,-,-,0,0,0,0,0,0,0
"유럽","유럽연합+영국","소계",기 타,소계,면세점 이외,227,190,-,-,-,3090,3749,3298,3907,4018,901,746
"유럽","유럽연합+영국","유럽연합",합계,소계,계,5232,4448,-,-,-,-,-,-,-,-,-,30897
"유럽","유럽연합+영국","유럽연합",합계,소계,면세점,45,34,-,-,-,-,-,-,-,-,-,112
"유럽","유럽연합+영국","유럽연합",합계,소계,면세점 이외,5187,4414,-,-,-,-,-,-,-,-,-,30785
"유럽","유럽연합+영국","유럽연합",컴퓨터 및 주변기기,소계,계,1397,1283,-,-,-,-,-,-,-,-,-,5663
"유럽","유럽연합+영국","유럽연합",컴퓨터 및 주변기기,소계,면세점,0,0,-,-,-,-,-,-,-,-,-,0
"유럽","유럽연합+영국","유럽연합",컴퓨터 및 주변기기,소계,면세점 이외,1397,1283,-,-,-,-,-,-,-,-,-,5663
"유럽","유럽연합+영국","유럽연합",가전·전자·통신기기,소계,계,391,725,-,-,-,-,-,-,-,-,-,1207
"유럽","유럽연합+영국","유럽연합",가전·전자·통신기기,소계,면세점,3,0,-,-,-,-,-,-,-,-,-,9
"유럽","유럽연합+영국","유럽연합",가전·전자·통신기기,소계,면세점 이외,388,725,-,-,-,-,-,-,-,-,-,1198
"유럽","유럽연합+영국","유럽연합",가전·전자·통신기기,가전·전자,계,229,232,-,-,-,-,-,-,-,-,-,797
"유럽","유럽연합+영국","유럽연합",가전·전자·통신기기,가전·전자,면세점,3,0,-,-,-,-,-,-,-,-,-,3
"유럽","유럽연합+영국","유럽연합",가전·전자·통신기기,가전·전자,면세점 이외,226,232,-,-,-,-,-,-,-,-,-,794
"유럽","유럽연합+영국","유럽연합",가전·전자·통신기기,통신기기,계,162,493,-,-,-,-,-,-,-,-,-,410
"유럽","유럽연합+영국","유럽연합",가전·전자·통신기기,통신기기,면세점,0,0,-,-,-,-,-,-,-,-,-,6
"유럽","유럽연합+영국","유럽연합",가전·전자·통신기기,통신기기,면세점 이외,162,493,-,-,-,-,-,-,-,-,-,404
"유럽","유럽연합+영국","유럽연합",소프트웨어,소계,계,0,0,-,-,-,-,-,-,-,-,-,5
"유럽","유럽연합+영국","유럽연합",소프트웨어,소계,면세점,0,0,-,-,-,-,-,-,-,-,-,0
"유럽","유럽연합+영국","유럽연합",소프트웨어,소계,면세점 이외,0,0,-,-,-,-,-,-,-,-,-,5
"유럽","유럽연합+영국","유럽연합",서 적,소계,계,228,125,-,-,-,-,-,-,-,-,-,694
"유럽","유럽연합+영국","유럽연합",서 적,소계,면세점,0,0,-,-,-,-,-,-,-,-,-,0
"유럽","유럽연합+영국","유럽연합",서 적,소계,면세점 이외,228,125,-,-,-,-,-,-,-,-,-,694
"유럽","유럽연합+영국","유럽연합",사무·문구,소계,계,177,66,-,-,-,-,-,-,-,-,-,206
"유럽","유럽연합+영국","유럽연합",사무·문구,소계,면세점,0,0,-,-,-,-,-,-,-,-,-,0
"유럽","유럽연합+영국","유럽연합",사무·문구,소계,면세점 이외,177,66,-,-,-,-,-,-,-,-,-,206
"유럽","유럽연합+영국","유럽연합",음반·비디오·악기,소계,계,1913,569,-,-,-,-,-,-,-,-,-,18968
"유럽","유럽연합+영국","유럽연합",음반·비디오·악기,소계,면세점,0,0,-,-,-,-,-,-,-,-,-,0
"유럽","유럽연합+영국","유럽연합",음반·비디오·악기,소계,면세점 이외,1913,569,-,-,-,-,-,-,-,-,-,18968
"유럽","유럽연합+영국","유럽연합",의류 및 패션 관련 상품,소계,계,504,739,-,-,-,-,-,-,-,-,-,1961
"유럽","유럽연합+영국","유럽연합",의류 및 패션 관련 상품,소계,면세점,6,4,-,-,-,-,-,-,-,-,-,22
"유럽","유럽연합+영국","유럽연합",의류 및 패션 관련 상품,소계,면세점 이외,498,735,-,-,-,-,-,-,-,-,-,1939
"유럽","유럽연합+영국","유럽연합",스포츠·레저용품,소계,계,10,12,-,-,-,-,-,-,-,-,-,328
"유럽","유럽연합+영국","유럽연합",스포츠·레저용품,소계,면세점,0,0,-,-,-,-,-,-,-,-,-,0
"유럽","유럽연합+영국","유럽연합",스포츠·레저용품,소계,면세점 이외,10,12,-,-,-,-,-,-,-,-,-,328
"유럽","유럽연합+영국","유럽연합",화장품,소계,계,386,718,-,-,-,-,-,-,-,-,-,1168
"유럽","유럽연합+영국","유럽연합",화장품,소계,면세점,31,25,-,-,-,-,-,-,-,-,-,67
"유럽","유럽연합+영국","유럽연합",화장품,소계,면세점 이외,355,693,-,-,-,-,-,-,-,-,-,1101
"유럽","유럽연합+영국","유럽연합",아동·유아용품,소계,계,18,6,-,-,-,-,-,-,-,-,-,59
"유럽","유럽연합+영국","유럽연합",아동·유아용품,소계,면세점,0,0,-,-,-,-,-,-,-,-,-,0
"유럽","유럽연합+영국","유럽연합",아동·유아용품,소계,면세점 이외,18,6,-,-,-,-,-,-,-,-,-,59
"유럽","유럽연합+영국","유럽연합",음·식료품,소계,계,10,11,-,-,-,-,-,-,-,-,-,41
"유럽","유럽연합+영국","유럽연합",음·식료품,소계,면세점,5,5,-,-,-,-,-,-,-,-,-,14
"유럽","유럽연합+영국","유럽연합",음·식료품,소계,면세점 이외,5,6,-,-,-,-,-,-,-,-,-,27
"유럽","유럽연합+영국","유럽연합",농축수산물,소계,계,0,0,-,-,-,-,-,-,-,-,-,0
"유럽","유럽연합+영국","유럽연합",농축수산물,소계,면세점,0,0,-,-,-,-,-,-,-,-,-,0
"유럽","유럽연합+영국","유럽연합",농축수산물,소계,면세점 이외,0,0,-,-,-,-,-,-,-,-,-,0
"유럽","유럽연합+영국","유럽연합",생활·자동차용품,소계,계,54,90,-,-,-,-,-,-,-,-,-,107
"유럽","유럽연합+영국","유럽연합",생활·자동차용품,소계,면세점,0,0,-,-,-,-,-,-,-,-,-,0
"유럽","유럽연합+영국","유럽연합",생활·자동차용품,소계,면세점 이외,54,90,-,-,-,-,-,-,-,-,-,107
"유럽","유럽연합+영국","유럽연합",기 타,소계,계,144,104,-,-,-,-,-,-,-,-,-,490
"유럽","유럽연합+영국","유럽연합",기 타,소계,면세점,0,0,-,-,-,-,-,-,-,-,-,0
"유럽","유럽연합+영국","유럽연합",기 타,소계,면세점 이외,144,104,-,-,-,-,-,-,-,-,-,490
"유럽","유럽연합+영국","영국",합계,소계,계,1380,1000,-,-,-,-,-,-,-,-,-,5194
"유럽","유럽연합+영국","영국",합계,소계,면세점,7,2,-,-,-,-,-,-,-,-,-,9
"유럽","유럽연합+영국","영국",합계,소계,면세점 이외,1373,998,-,-,-,-,-,-,-,-,-,5185
"유럽","유럽연합+영국","영국",컴퓨터 및 주변기기,소계,계,62,88,-,-,-,-,-,-,-,-,-,321
"유럽","유럽연합+영국","영국",컴퓨터 및 주변기기,소계,면세점,0,0,-,-,-,-,-,-,-,-,-,0
"유럽","유럽연합+영국","영국",컴퓨터 및 주변기기,소계,면세점 이외,62,88,-,-,-,-,-,-,-,-,-,321
"유럽","유럽연합+영국","영국",가전·전자·통신기기,소계,계,76,38,-,-,-,-,-,-,-,-,-,277
"유럽","유럽연합+영국","영국",가전·전자·통신기기,소계,면세점,0,0,-,-,-,-,-,-,-,-,-,0
"유럽","유럽연합+영국","영국",가전·전자·통신기기,소계,면세점 이외,76,38,-,-,-,-,-,-,-,-,-,277
"유럽","유럽연합+영국","영국",가전·전자·통신기기,가전·전자,계,76,38,-,-,-,-,-,-,-,-,-,266
"유럽","유럽연합+영국","영국",가전·전자·통신기기,가전·전자,면세점,0,0,-,-,-,-,-,-,-,-,-,0
"유럽","유럽연합+영국","영국",가전·전자·통신기기,가전·전자,면세점 이외,76,38,-,-,-,-,-,-,-,-,-,266
"유럽","유럽연합+영국","영국",가전·전자·통신기기,통신기기,계,0,0,-,-,-,-,-,-,-,-,-,11
"유럽","유럽연합+영국","영국",가전·전자·통신기기,통신기기,면세점,0,0,-,-,-,-,-,-,-,-,-,0
"유럽","유럽연합+영국","영국",가전·전자·통신기기,통신기기,면세점 이외,0,0,-,-,-,-,-,-,-,-,-,11
"유럽","유럽연합+영국","영국",소프트웨어,소계,계,0,0,-,-,-,-,-,-,-,-,-,2
"유럽","유럽연합+영국","영국",소프트웨어,소계,면세점,0,0,-,-,-,-,-,-,-,-,-,0
"유럽","유럽연합+영국","영국",소프트웨어,소계,면세점 이외,0,0,-,-,-,-,-,-,-,-,-,2
"유럽","유럽연합+영국","영국",서 적,소계,계,31,30,-,-,-,-,-,-,-,-,-,122
"유럽","유럽연합+영국","영국",서 적,소계,면세점,0,0,-,-,-,-,-,-,-,-,-,0
"유럽","유럽연합+영국","영국",서 적,소계,면세점 이외,31,30,-,-,-,-,-,-,-,-,-,122
"유럽","유럽연합+영국","영국",사무·문구,소계,계,34,10,-,-,-,-,-,-,-,-,-,61
"유럽","유럽연합+영국","영국",사무·문구,소계,면세점,0,0,-,-,-,-,-,-,-,-,-,0
"유럽","유럽연합+영국","영국",사무·문구,소계,면세점 이외,34,10,-,-,-,-,-,-,-,-,-,61
"유럽","유럽연합+영국","영국",음반·비디오·악기,소계,계,588,243,-,-,-,-,-,-,-,-,-,2522
"유럽","유럽연합+영국","영국",음반·비디오·악기,소계,면세점,0,0,-,-,-,-,-,-,-,-,-,0
"유럽","유럽연합+영국","영국",음반·비디오·악기,소계,면세점 이외,588,243,-,-,-,-,-,-,-,-,-,2522
"유럽","유럽연합+영국","영국",의류 및 패션 관련 상품,소계,계,273,327,-,-,-,-,-,-,-,-,-,963
"유럽","유럽연합+영국","영국",의류 및 패션 관련 상품,소계,면세점,3,0,-,-,-,-,-,-,-,-,-,3
"유럽","유럽연합+영국","영국",의류 및 패션 관련 상품,소계,면세점 이외,270,327,-,-,-,-,-,-,-,-,-,960
"유럽","유럽연합+영국","영국",스포츠·레저용품,소계,계,2,4,-,-,-,-,-,-,-,-,-,14
"유럽","유럽연합+영국","영국",스포츠·레저용품,소계,면세점,0,0,-,-,-,-,-,-,-,-,-,0
"유럽","유럽연합+영국","영국",스포츠·레저용품,소계,면세점 이외,2,4,-,-,-,-,-,-,-,-,-,14
"유럽","유럽연합+영국","영국",화장품,소계,계,176,127,-,-,-,-,-,-,-,-,-,527
"유럽","유럽연합+영국","영국",화장품,소계,면세점,3,0,-,-,-,-,-,-,-,-,-,3
"유럽","유럽연합+영국","영국",화장품,소계,면세점 이외,173,127,-,-,-,-,-,-,-,-,-,524
"유럽","유럽연합+영국","영국",아동·유아용품,소계,계,8,2,-,-,-,-,-,-,-,-,-,22
"유럽","유럽연합+영국","영국",아동·유아용품,소계,면세점,0,0,-,-,-,-,-,-,-,-,-,0
"유럽","유럽연합+영국","영국",아동·유아용품,소계,면세점 이외,8,2,-,-,-,-,-,-,-,-,-,22
"유럽","유럽연합+영국","영국",음·식료품,소계,계,17,21,-,-,-,-,-,-,-,-,-,68
"유럽","유럽연합+영국","영국",음·식료품,소계,면세점,1,2,-,-,-,-,-,-,-,-,-,3
"유럽","유럽연합+영국","영국",음·식료품,소계,면세점 이외,16,19,-,-,-,-,-,-,-,-,-,65
"유럽","유럽연합+영국","영국",농축수산물,소계,계,0,0,-,-,-,-,-,-,-,-,-,0
"유럽","유럽연합+영국","영국",농축수산물,소계,면세점,0,0,-,-,-,-,-,-,-,-,-,0
"유럽","유럽연합+영국","영국",농축수산물,소계,면세점 이외,0,0,-,-,-,-,-,-,-,-,-,0
"유럽","유럽연합+영국","영국",생활·자동차용품,소계,계,30,24,-,-,-,-,-,-,-,-,-,39
"유럽","유럽연합+영국","영국",생활·자동차용품,소계,면세점,0,0,-,-,-,-,-,-,-,-,-,0
"유럽","유럽연합+영국","영국",생활·자동차용품,소계,면세점 이외,30,24,-,-,-,-,-,-,-,-,-,39
"유럽","유럽연합+영국","영국",기 타,소계,계,83,86,-,-,-,-,-,-,-,-,-,256
"유럽","유럽연합+영국","영국",기 타,소계,면세점,0,0,-,-,-,-,-,-,-,-,-,0
"유럽","유럽연합+영국","영국",기 타,소계,면세점 이외,83,86,-,-,-,-,-,-,-,-,-,256
"유럽","기타 유럽","소계",합계,소계,계,643,460,-,-,-,-,-,-,-,-,-,2983
"유럽","기타 유럽","소계",합계,소계,면세점,4,5,-,-,-,-,-,-,-,-,-,399
"유럽","기타 유럽","소계",합계,소계,면세점 이외,639,455,-,-,-,-,-,-,-,-,-,2584
"유럽","기타 유럽","소계",컴퓨터 및 주변기기,소계,계,48,29,-,-,-,-,-,-,-,-,-,163
"유럽","기타 유럽","소계",컴퓨터 및 주변기기,소계,면세점,0,0,-,-,-,-,-,-,-,-,-,0
"유럽","기타 유럽","소계",컴퓨터 및 주변기기,소계,면세점 이외,48,29,-,-,-,-,-,-,-,-,-,163
"유럽","기타 유럽","소계",가전·전자·통신기기,소계,계,10,19,-,-,-,-,-,-,-,-,-,30
"유럽","기타 유럽","소계",가전·전자·통신기기,소계,면세점,0,0,-,-,-,-,-,-,-,-,-,7
"유럽","기타 유럽","소계",가전·전자·통신기기,소계,면세점 이외,10,19,-,-,-,-,-,-,-,-,-,23
"유럽","기타 유럽","소계",가전·전자·통신기기,가전·전자,계,10,19,-,-,-,-,-,-,-,-,-,30
"유럽","기타 유럽","소계",가전·전자·통신기기,가전·전자,면세점,0,0,-,-,-,-,-,-,-,-,-,7
"유럽","기타 유럽","소계",가전·전자·통신기기,가전·전자,면세점 이외,10,19,-,-,-,-,-,-,-,-,-,23
"유럽","기타 유럽","소계",가전·전자·통신기기,통신기기,계,0,0,-,-,-,-,-,-,-,-,-,0
"유럽","기타 유럽","소계",가전·전자·통신기기,통신기기,면세점,0,0,-,-,-,-,-,-,-,-,-,0
"유럽","기타 유럽","소계",가전·전자·통신기기,통신기기,면세점 이외,0,0,-,-,-,-,-,-,-,-,-,0
"유럽","기타 유럽","소계",소프트웨어,소계,계,0,0,-,-,-,-,-,-,-,-,-,0
"유럽","기타 유럽","소계",소프트웨어,소계,면세점,0,0,-,-,-,-,-,-,-,-,-,0
"유럽","기타 유럽","소계",소프트웨어,소계,면세점 이외,0,0,-,-,-,-,-,-,-,-,-,0
"유럽","기타 유럽","소계",서 적,소계,계,57,7,-,-,-,-,-,-,-,-,-,75
"유럽","기타 유럽","소계",서 적,소계,면세점,0,0,-,-,-,-,-,-,-,-,-,0
"유럽","기타 유럽","소계",서 적,소계,면세점 이외,57,7,-,-,-,-,-,-,-,-,-,75
"유럽","기타 유럽","소계",사무·문구,소계,계,13,6,-,-,-,-,-,-,-,-,-,14
"유럽","기타 유럽","소계",사무·문구,소계,면세점,0,0,-,-,-,-,-,-,-,-,-,0
"유럽","기타 유럽","소계",사무·문구,소계,면세점 이외,13,6,-,-,-,-,-,-,-,-,-,14
"유럽","기타 유럽","소계",음반·비디오·악기,소계,계,329,96,-,-,-,-,-,-,-,-,-,944
"유럽","기타 유럽","소계",음반·비디오·악기,소계,면세점,0,0,-,-,-,-,-,-,-,-,-,0
"유럽","기타 유럽","소계",음반·비디오·악기,소계,면세점 이외,329,96,-,-,-,-,-,-,-,-,-,944
"유럽","기타 유럽","소계",의류 및 패션 관련 상품,소계,계,43,34,-,-,-,-,-,-,-,-,-,605
"유럽","기타 유럽","소계",의류 및 패션 관련 상품,소계,면세점,0,1,-,-,-,-,-,-,-,-,-,91
"유럽","기타 유럽","소계",의류 및 패션 관련 상품,소계,면세점 이외,43,33,-,-,-,-,-,-,-,-,-,514
"유럽","기타 유럽","소계",스포츠·레저용품,소계,계,1,4,-,-,-,-,-,-,-,-,-,126
"유럽","기타 유럽","소계",스포츠·레저용품,소계,면세점,0,0,-,-,-,-,-,-,-,-,-,0
"유럽","기타 유럽","소계",스포츠·레저용품,소계,면세점 이외,1,4,-,-,-,-,-,-,-,-,-,126
"유럽","기타 유럽","소계",화장품,소계,계,108,190,-,-,-,-,-,-,-,-,-,813
"유럽","기타 유럽","소계",화장품,소계,면세점,4,3,-,-,-,-,-,-,-,-,-,276
"유럽","기타 유럽","소계",화장품,소계,면세점 이외,104,187,-,-,-,-,-,-,-,-,-,537
"유럽","기타 유럽","소계",아동·유아용품,소계,계,0,0,-,-,-,-,-,-,-,-,-,113
"유럽","기타 유럽","소계",아동·유아용품,소계,면세점,0,0,-,-,-,-,-,-,-,-,-,0
"유럽","기타 유럽","소계",아동·유아용품,소계,면세점 이외,0,0,-,-,-,-,-,-,-,-,-,113
"유럽","기타 유럽","소계",음·식료품,소계,계,0,1,-,-,-,-,-,-,-,-,-,25
"유럽","기타 유럽","소계",음·식료품,소계,면세점,0,1,-,-,-,-,-,-,-,-,-,25
"유럽","기타 유럽","소계",음·식료품,소계,면세점 이외,0,0,-,-,-,-,-,-,-,-,-,0
"유럽","기타 유럽","소계",농축수산물,소계,계,0,0,-,-,-,-,-,-,-,-,-,0
"유럽","기타 유럽","소계",농축수산물,소계,면세점,0,0,-,-,-,-,-,-,-,-,-,0
"유럽","기타 유럽","소계",농축수산물,소계,면세점 이외,0,0,-,-,-,-,-,-,-,-,-,0
"유럽","기타 유럽","소계",생활·자동차용품,소계,계,21,68,-,-,-,-,-,-,-,-,-,28
"유럽","기타 유럽","소계",생활·자동차용품,소계,면세점,0,0,-,-,-,-,-,-,-,-,-,0
"유럽","기타 유럽","소계",생활·자동차용품,소계,면세점 이외,21,68,-,-,-,-,-,-,-,-,-,28
"유럽","기타 유럽","소계",기 타,소계,계,13,6,-,-,-,-,-,-,-,-,-,47
"유럽","기타 유럽","소계",기 타,소계,면세점,0,0,-,-,-,-,-,-,-,-,-,0
"유럽","기타 유럽","소계",기 타,소계,면세점 이외,13,6,-,-,-,-,-,-,-,-,-,47
"대양주","소계","소계",합계,소계,계,2069,1234,18326,14641,19181,19617,17563,13272,16271,15618,8194,7715
"대양주","소계","소계",합계,소계,면세점,16,17,-,-,-,16,43,81,16,6,22,54
"대양주","소계","소계",합계,소계,면세점 이외,2053,1217,-,-,-,19601,17520,13191,16255,15612,8172,7661
"대양주","소계","소계",컴퓨터 및 주변기기,소계,계,28,21,1625,1132,1301,777,473,254,318,270,137,203
"대양주","소계","소계",컴퓨터 및 주변기기,소계,면세점,0,0,-,-,-,1,0,0,0,0,0,0
"대양주","소계","소계",컴퓨터 및 주변기기,소계,면세점 이외,28,21,-,-,-,776,473,254,318,270,137,203
"대양주","소계","소계",가전·전자·통신기기,소계,계,21,28,3395,2491,4428,5350,4696,2342,3834,3001,101,125
"대양주","소계","소계",가전·전자·통신기기,소계,면세점,1,2,-,-,-,4,4,14,9,0,1,1
"대양주","소계","소계",가전·전자·통신기기,소계,면세점 이외,20,26,-,-,-,5346,4692,2328,3825,3001,100,124
"대양주","소계","소계",가전·전자·통신기기,가전·전자,계,21,27,-,-,-,-,-,-,-,-,-,116
"대양주","소계","소계",가전·전자·통신기기,가전·전자,면세점,1,1,-,-,-,-,-,-,-,-,-,1
"대양주","소계","소계",가전·전자·통신기기,가전·전자,면세점 이외,20,26,-,-,-,-,-,-,-,-,-,115
"대양주","소계","소계",가전·전자·통신기기,통신기기,계,0,1,-,-,-,-,-,-,-,-,-,9
"대양주","소계","소계",가전·전자·통신기기,통신기기,면세점,0,1,-,-,-,-,-,-,-,-,-,0
"대양주","소계","소계",가전·전자·통신기기,통신기기,면세점 이외,0,0,-,-,-,-,-,-,-,-,-,9
"대양주","소계","소계",소프트웨어,소계,계,0,0,98,85,34,72,40,20,20,20,0,9
"대양주","소계","소계",소프트웨어,소계,면세점,0,0,-,-,-,0,0,0,0,0,0,0
"대양주","소계","소계",소프트웨어,소계,면세점 이외,0,0,-,-,-,72,40,20,20,20,0,9
"대양주","소계","소계",서 적,소계,계,171,89,80,101,154,320,350,272,367,451,380,528
"대양주","소계","소계",서 적,소계,면세점,0,0,-,-,-,0,0,0,0,0,0,0
"대양주","소계","소계",서 적,소계,면세점 이외,171,89,-,-,-,320,350,272,367,451,380,528
"대양주","소계","소계",사무·문구,소계,계,43,14,12,11,30,32,21,25,21,63,58,53
"대양주","소계","소계",사무·문구,소계,면세점,0,0,-,-,-,0,0,0,0,0,0,0
"대양주","소계","소계",사무·문구,소계,면세점 이외,43,14,-,-,-,32,21,25,21,63,58,53
"대양주","소계","소계",음반·비디오·악기,소계,계,798,228,494,506,724,1052,1504,1540,1800,2081,1007,2827
"대양주","소계","소계",음반·비디오·악기,소계,면세점,0,0,-,-,-,0,0,0,0,0,0,0
"대양주","소계","소계",음반·비디오·악기,소계,면세점 이외,798,228,-,-,-,1052,1504,1540,1800,2081,1007,2827
"대양주","소계","소계",의류 및 패션 관련 상품,소계,계,795,626,3392,2349,3401,2716,2725,2489,3749,4766,4896,3125
"대양주","소계","소계",의류 및 패션 관련 상품,소계,면세점,3,3,-,-,-,5,15,29,3,6,5,10
"대양주","소계","소계",의류 및 패션 관련 상품,소계,면세점 이외,792,623,-,-,-,2711,2710,2460,3746,4760,4891,3115
"대양주","소계","소계",스포츠·레저용품,소계,계,3,6,634,460,524,563,466,475,690,1041,430,208
"대양주","소계","소계",스포츠·레저용품,소계,면세점,0,0,-,-,-,1,0,0,0,0,0,0
"대양주","소계","소계",스포츠·레저용품,소계,면세점 이외,3,6,-,-,-,562,466,475,690,1041,430,208
"대양주","소계","소계",화장품,소계,계,88,103,2776,2634,4248,4624,3926,3386,2462,1626,324,223
"대양주","소계","소계",화장품,소계,면세점,4,6,-,-,-,3,21,29,3,0,4,19
"대양주","소계","소계",화장품,소계,면세점 이외,84,97,-,-,-,4621,3905,3357,2459,1626,320,204
"대양주","소계","소계",아동·유아용품,소계,계,10,5,837,757,885,908,686,481,484,368,81,58
"대양주","소계","소계",아동·유아용품,소계,면세점,0,0,-,-,-,0,0,0,0,0,0,0
"대양주","소계","소계",아동·유아용품,소계,면세점 이외,10,5,-,-,-,908,686,481,484,368,81,58
"대양주","소계","소계",음·식료품,소계,계,27,19,1223,1027,153,130,106,88,404,33,34,62
"대양주","소계","소계",음·식료품,소계,면세점,8,6,-,-,-,2,3,9,1,0,12,24
"대양주","소계","소계",음·식료품,소계,면세점 이외,19,13,-,-,-,128,103,79,403,33,22,38
"대양주","소계","소계",농축수산물,소계,계,0,0,512,335,0,0,9,1,1,1,0,0
"대양주","소계","소계",농축수산물,소계,면세점,0,0,-,-,-,0,0,0,0,0,0,0
"대양주","소계","소계",농축수산물,소계,면세점 이외,0,0,-,-,-,0,9,1,1,1,0,0
"대양주","소계","소계",생활·자동차용품,소계,계,28,49,2257,1902,2374,2085,1664,1226,1198,974,103,69
"대양주","소계","소계",생활·자동차용품,소계,면세점,0,0,-,-,-,0,0,0,0,0,0,0
"대양주","소계","소계",생활·자동차용품,소계,면세점 이외,28,49,-,-,-,2085,1664,1226,1198,974,103,69
"대양주","소계","소계",기 타,소계,계,57,46,991,851,925,988,897,673,923,921,641,225
"대양주","소계","소계",기 타,소계,면세점,0,0,-,-,-,0,0,0,0,0,0,0
"대양주","소계","소계",기 타,소계,면세점 이외,57,46,-,-,-,988,897,673,923,921,641,225
"중남미","소계","소계",합계,소계,계,2030,851,9703,8974,9392,10285,11669,12981,12563,8422,5029,7911
"중남미","소계","소계",합계,소계,면세점,2,1,-,-,-,0,0,0,0,0,1,3
"중남미","소계","소계",합계,소계,면세점 이외,2028,850,-,-,-,10285,11669,12981,12563,8422,5028,7908
"중남미","소계","소계",컴퓨터 및 주변기기,소계,계,63,38,360,250,340,344,218,234,362,354,145,469
"중남미","소계","소계",컴퓨터 및 주변기기,소계,면세점,0,0,-,-,-,0,0,0,0,0,0,0
"중남미","소계","소계",컴퓨터 및 주변기기,소계,면세점 이외,63,38,-,-,-,344,218,234,362,354,145,469
"중남미","소계","소계",가전·전자·통신기기,소계,계,27,28,1647,1192,1298,1359,861,979,912,569,122,131
"중남미","소계","소계",가전·전자·통신기기,소계,면세점,0,0,-,-,-,0,0,0,0,0,0,0
"중남미","소계","소계",가전·전자·통신기기,소계,면세점 이외,27,28,-,-,-,1359,861,979,912,569,122,131
"중남미","소계","소계",가전·전자·통신기기,가전·전자,계,19,27,-,-,-,-,-,-,-,-,-,69
"중남미","소계","소계",가전·전자·통신기기,가전·전자,면세점,0,0,-,-,-,-,-,-,-,-,-,0
"중남미","소계","소계",가전·전자·통신기기,가전·전자,면세점 이외,19,27,-,-,-,-,-,-,-,-,-,69
"중남미","소계","소계",가전·전자·통신기기,통신기기,계,8,1,-,-,-,-,-,-,-,-,-,62
"중남미","소계","소계",가전·전자·통신기기,통신기기,면세점,0,0,-,-,-,-,-,-,-,-,-,0
"중남미","소계","소계",가전·전자·통신기기,통신기기,면세점 이외,8,1,-,-,-,-,-,-,-,-,-,62
"중남미","소계","소계",소프트웨어,소계,계,0,0,44,152,158,53,19,17,15,10,0,0
"중남미","소계","소계",소프트웨어,소계,면세점,0,0,-,-,-,0,0,0,0,0,0,0
"중남미","소계","소계",소프트웨어,소계,면세점 이외,0,0,-,-,-,53,19,17,15,10,0,0
"중남미","소계","소계",서 적,소계,계,125,52,69,72,140,186,407,646,188,365,425,313
"중남미","소계","소계",서 적,소계,면세점,0,0,-,-,-,0,0,0,0,0,0,0
"중남미","소계","소계",서 적,소계,면세점 이외,125,52,-,-,-,186,407,646,188,365,425,313
"중남미","소계","소계",사무·문구,소계,계,105,33,1,2,5,197,2,0,3,25,22,128
"중남미","소계","소계",사무·문구,소계,면세점,0,0,-,-,-,0,0,0,0,0,0,0
"중남미","소계","소계",사무·문구,소계,면세점 이외,105,33,-,-,-,197,2,0,3,25,22,128
"중남미","소계","소계",음반·비디오·악기,소계,계,1542,521,2316,2734,1373,2422,4327,4885,6421,4058,3637,6255
"중남미","소계","소계",음반·비디오·악기,소계,면세점,0,0,-,-,-,0,0,0,0,0,0,0
"중남미","소계","소계",음반·비디오·악기,소계,면세점 이외,1542,521,-,-,-,2422,4327,4885,6421,4058,3637,6255
"중남미","소계","소계",의류 및 패션 관련 상품,소계,계,36,24,975,616,649,772,576,544,614,650,210,110
"중남미","소계","소계",의류 및 패션 관련 상품,소계,면세점,0,1,-,-,-,0,0,0,0,0,0,0
"중남미","소계","소계",의류 및 패션 관련 상품,소계,면세점 이외,36,23,-,-,-,772,576,544,614,650,210,110
"중남미","소계","소계",스포츠·레저용품,소계,계,1,3,260,201,292,343,380,304,183,120,2,12
"중남미","소계","소계",스포츠·레저용품,소계,면세점,0,0,-,-,-,0,0,0,0,0,0,0
"중남미","소계","소계",스포츠·레저용품,소계,면세점 이외,1,3,-,-,-,343,380,304,183,120,2,12
"중남미","소계","소계",화장품,소계,계,31,38,1792,1592,2616,1850,2084,2423,954,503,264,113
"중남미","소계","소계",화장품,소계,면세점,2,0,-,-,-,0,0,0,0,0,0,2
"중남미","소계","소계",화장품,소계,면세점 이외,29,38,-,-,-,1850,2084,2423,954,503,264,111
"중남미","소계","소계",아동·유아용품,소계,계,15,5,320,291,273,256,240,265,151,154,23,69
"중남미","소계","소계",아동·유아용품,소계,면세점,0,0,-,-,-,0,0,0,0,0,0,0
"중남미","소계","소계",아동·유아용품,소계,면세점 이외,15,5,-,-,-,256,240,265,151,154,23,69
"중남미","소계","소계",음·식료품,소계,계,1,0,20,28,3,3,2,0,774,4,9,3
"중남미","소계","소계",음·식료품,소계,면세점,0,0,-,-,-,0,0,0,0,0,1,1
"중남미","소계","소계",음·식료품,소계,면세점 이외,1,0,-,-,-,3,2,0,774,4,8,2
"중남미","소계","소계",농축수산물,소계,계,0,0,24,27,0,0,0,0,0,0,0,0
"중남미","소계","소계",농축수산물,소계,면세점,0,0,-,-,-,0,0,0,0,0,0,0
"중남미","소계","소계",농축수산물,소계,면세점 이외,0,0,-,-,-,0,0,0,0,0,0,0
"중남미","소계","소계",생활·자동차용품,소계,계,32,67,1496,1459,1750,1947,1913,2140,1361,1068,43,97
"중남미","소계","소계",생활·자동차용품,소계,면세점,0,0,-,-,-,0,0,0,0,0,0,0
"중남미","소계","소계",생활·자동차용품,소계,면세점 이외,32,67,-,-,-,1947,1913,2140,1361,1068,43,97
"중남미","소계","소계",기 타,소계,계,52,42,379,358,495,553,640,544,625,542,124,211
"중남미","소계","소계",기 타,소계,면세점,0,0,-,-,-,0,0,0,0,0,0,0
"중남미","소계","소계",기 타,소계,면세점 이외,52,42,-,-,-,553,640,544,625,542,124,211
"아프리카","소계","소계",합계,소계,계,129,89,-,-,-,-,-,-,-,-,-,367
"아프리카","소계","소계",합계,소계,면세점,0,0,-,-,-,-,-,-,-,-,-,0
"아프리카","소계","소계",합계,소계,면세점 이외,129,89,-,-,-,-,-,-,-,-,-,367
"아프리카","소계","소계",컴퓨터 및 주변기기,소계,계,8,9,-,-,-,-,-,-,-,-,-,69
"아프리카","소계","소계",컴퓨터 및 주변기기,소계,면세점,0,0,-,-,-,-,-,-,-,-,-,0
"아프리카","소계","소계",컴퓨터 및 주변기기,소계,면세점 이외,8,9,-,-,-,-,-,-,-,-,-,69
"아프리카","소계","소계",가전·전자·통신기기,소계,계,3,11,-,-,-,-,-,-,-,-,-,49
"아프리카","소계","소계",가전·전자·통신기기,소계,면세점,0,0,-,-,-,-,-,-,-,-,-,0
"아프리카","소계","소계",가전·전자·통신기기,소계,면세점 이외,3,11,-,-,-,-,-,-,-,-,-,49
"아프리카","소계","소계",가전·전자·통신기기,가전·전자,계,1,2,-,-,-,-,-,-,-,-,-,3
"아프리카","소계","소계",가전·전자·통신기기,가전·전자,면세점,0,0,-,-,-,-,-,-,-,-,-,0
"아프리카","소계","소계",가전·전자·통신기기,가전·전자,면세점 이외,1,2,-,-,-,-,-,-,-,-,-,3
"아프리카","소계","소계",가전·전자·통신기기,통신기기,계,2,9,-,-,-,-,-,-,-,-,-,46
"아프리카","소계","소계",가전·전자·통신기기,통신기기,면세점,0,0,-,-,-,-,-,-,-,-,-,0
"아프리카","소계","소계",가전·전자·통신기기,통신기기,면세점 이외,2,9,-,-,-,-,-,-,-,-,-,46
"아프리카","소계","소계",소프트웨어,소계,계,0,0,-,-,-,-,-,-,-,-,-,0
"아프리카","소계","소계",소프트웨어,소계,면세점,0,0,-,-,-,-,-,-,-,-,-,0
"아프리카","소계","소계",소프트웨어,소계,면세점 이외,0,0,-,-,-,-,-,-,-,-,-,0
"아프리카","소계","소계",서 적,소계,계,0,0,-,-,-,-,-,-,-,-,-,0
"아프리카","소계","소계",서 적,소계,면세점,0,0,-,-,-,-,-,-,-,-,-,0
"아프리카","소계","소계",서 적,소계,면세점 이외,0,0,-,-,-,-,-,-,-,-,-,0
"아프리카","소계","소계",사무·문구,소계,계,1,0,-,-,-,-,-,-,-,-,-,1
"아프리카","소계","소계",사무·문구,소계,면세점,0,0,-,-,-,-,-,-,-,-,-,0
"아프리카","소계","소계",사무·문구,소계,면세점 이외,1,0,-,-,-,-,-,-,-,-,-,1
"아프리카","소계","소계",음반·비디오·악기,소계,계,32,8,-,-,-,-,-,-,-,-,-,87
"아프리카","소계","소계",음반·비디오·악기,소계,면세점,0,0,-,-,-,-,-,-,-,-,-,0
"아프리카","소계","소계",음반·비디오·악기,소계,면세점 이외,32,8,-,-,-,-,-,-,-,-,-,87
"아프리카","소계","소계",의류 및 패션 관련 상품,소계,계,2,2,-,-,-,-,-,-,-,-,-,3
"아프리카","소계","소계",의류 및 패션 관련 상품,소계,면세점,0,0,-,-,-,-,-,-,-,-,-,0
"아프리카","소계","소계",의류 및 패션 관련 상품,소계,면세점 이외,2,2,-,-,-,-,-,-,-,-,-,3
"아프리카","소계","소계",스포츠·레저용품,소계,계,1,0,-,-,-,-,-,-,-,-,-,4
"아프리카","소계","소계",스포츠·레저용품,소계,면세점,0,0,-,-,-,-,-,-,-,-,-,0
"아프리카","소계","소계",스포츠·레저용품,소계,면세점 이외,1,0,-,-,-,-,-,-,-,-,-,4
"아프리카","소계","소계",화장품,소계,계,81,58,-,-,-,-,-,-,-,-,-,152
"아프리카","소계","소계",화장품,소계,면세점,0,0,-,-,-,-,-,-,-,-,-,0
"아프리카","소계","소계",화장품,소계,면세점 이외,81,58,-,-,-,-,-,-,-,-,-,152
"아프리카","소계","소계",아동·유아용품,소계,계,0,0,-,-,-,-,-,-,-,-,-,0
"아프리카","소계","소계",아동·유아용품,소계,면세점,0,0,-,-,-,-,-,-,-,-,-,0
"아프리카","소계","소계",아동·유아용품,소계,면세점 이외,0,0,-,-,-,-,-,-,-,-,-,0
"아프리카","소계","소계",음·식료품,소계,계,0,0,-,-,-,-,-,-,-,-,-,0
"아프리카","소계","소계",음·식료품,소계,면세점,0,0,-,-,-,-,-,-,-,-,-,0
"아프리카","소계","소계",음·식료품,소계,면세점 이외,0,0,-,-,-,-,-,-,-,-,-,0
"아프리카","소계","소계",농축수산물,소계,계,0,0,-,-,-,-,-,-,-,-,-,0
"아프리카","소계","소계",농축수산물,소계,면세점,0,0,-,-,-,-,-,-,-,-,-,0
"아프리카","소계","소계",농축수산물,소계,면세점 이외,0,0,-,-,-,-,-,-,-,-,-,0
"아프리카","소계","소계",생활·자동차용품,소계,계,1,1,-,-,-,-,-,-,-,-,-,1
"아프리카","소계","소계",생활·자동차용품,소계,면세점,0,0,-,-,-,-,-,-,-,-,-,0
"아프리카","소계","소계",생활·자동차용품,소계,면세점 이외,1,1,-,-,-,-,-,-,-,-,-,1
"아프리카","소계","소계",기 타,소계,계,0,0,-,-,-,-,-,-,-,-,-,1
"아프리카","소계","소계",기 타,소계,면세점,0,0,-,-,-,-,-,-,-,-,-,0
"아프리카","소계","소계",기 타,소계,면세점 이외,0,0,-,-,-,-,-,-,-,-,-,1
"기타","소계","소계",합계,소계,계,-,-,66900,68252,83603,92147,129966,120505,84192,77303,31332,-
"기타","소계","소계",합계,소계,면세점,-,-,-,-,-,67324,93825,79555,39754,19188,4403,-
"기타","소계","소계",합계,소계,면세점 이외,-,-,-,-,-,24823,36141,40950,44438,58115,26929,-
"기타","소계","소계",컴퓨터 및 주변기기,소계,계,-,-,3071,1870,1454,876,5404,5051,5766,6251,4590,-
"기타","소계","소계",컴퓨터 및 주변기기,소계,면세점,-,-,-,-,-,2,60,0,113,0,0,-
"기타","소계","소계",컴퓨터 및 주변기기,소계,면세점 이외,-,-,-,-,-,874,5344,5051,5653,6251,4590,-
"기타","소계","소계",가전·전자·통신기기,소계,계,-,-,9090,6346,7931,3595,3870,3684,3838,949,489,-
"기타","소계","소계",가전·전자·통신기기,소계,면세점,-,-,-,-,-,452,2023,2059,2122,10,1,-
"기타","소계","소계",가전·전자·통신기기,소계,면세점 이외,-,-,-,-,-,3143,1847,1625,1716,939,488,-
"기타","소계","소계",가전·전자·통신기기,가전·전자,계,-,-,-,-,-,-,-,-,-,-,-,-
"기타","소계","소계",가전·전자·통신기기,가전·전자,면세점,-,-,-,-,-,-,-,-,-,-,-,-
"기타","소계","소계",가전·전자·통신기기,가전·전자,면세점 이외,-,-,-,-,-,-,-,-,-,-,-,-
"기타","소계","소계",가전·전자·통신기기,통신기기,계,-,-,-,-,-,-,-,-,-,-,-,-
"기타","소계","소계",가전·전자·통신기기,통신기기,면세점,-,-,-,-,-,-,-,-,-,-,-,-
"기타","소계","소계",가전·전자·통신기기,통신기기,면세점 이외,-,-,-,-,-,-,-,-,-,-,-,-
"기타","소계","소계",소프트웨어,소계,계,-,-,221,290,120,100,102,29,21,17,0,-
"기타","소계","소계",소프트웨어,소계,면세점,-,-,-,-,-,0,0,0,0,0,0,-
"기타","소계","소계",소프트웨어,소계,면세점 이외,-,-,-,-,-,100,102,29,21,17,0,-
"기타","소계","소계",서 적,소계,계,-,-,535,703,649,1848,5134,4584,4563,6593,1124,-
"기타","소계","소계",서 적,소계,면세점,-,-,-,-,-,0,0,0,0,0,0,-
"기타","소계","소계",서 적,소계,면세점 이외,-,-,-,-,-,1848,5134,4584,4563,6593,1124,-
"기타","소계","소계",사무·문구,소계,계,-,-,42,83,124,128,120,95,187,150,133,-
"기타","소계","소계",사무·문구,소계,면세점,-,-,-,-,-,0,1,0,0,0,0,-
"기타","소계","소계",사무·문구,소계,면세점 이외,-,-,-,-,-,128,119,95,187,150,133,-
"기타","소계","소계",음반·비디오·악기,소계,계,-,-,2484,2388,949,937,1275,1259,1410,19614,3726,-
"기타","소계","소계",음반·비디오·악기,소계,면세점,-,-,-,-,-,0,0,0,0,0,0,-
"기타","소계","소계",음반·비디오·악기,소계,면세점 이외,-,-,-,-,-,937,1275,1259,1410,19614,3726,-
"기타","소계","소계",의류 및 패션 관련 상품,소계,계,-,-,9683,7248,5918,13192,23901,6475,7807,8464,5683,-
"기타","소계","소계",의류 및 패션 관련 상품,소계,면세점,-,-,-,-,-,9914,19706,1104,1306,155,444,-
"기타","소계","소계",의류 및 패션 관련 상품,소계,면세점 이외,-,-,-,-,-,3278,4195,5371,6501,8309,5239,-
"기타","소계","소계",스포츠·레저용품,소계,계,-,-,1146,821,543,470,604,522,755,756,508,-
"기타","소계","소계",스포츠·레저용품,소계,면세점,-,-,-,-,-,4,0,0,0,0,0,-
"기타","소계","소계",스포츠·레저용품,소계,면세점 이외,-,-,-,-,-,466,604,522,755,756,508,-
"기타","소계","소계",화장품,소계,계,-,-,23137,34700,58579,61618,76433,92186,51710,24394,7201,-
"기타","소계","소계",화장품,소계,면세점,-,-,-,-,-,53960,65950,76018,36138,18984,3897,-
"기타","소계","소계",화장품,소계,면세점 이외,-,-,-,-,-,7658,10483,16168,15572,5410,3304,-
"기타","소계","소계",아동·유아용품,소계,계,-,-,2099,1913,837,601,1563,703,1648,3415,3283,-
"기타","소계","소계",아동·유아용품,소계,면세점,-,-,-,-,-,0,15,14,2,0,1,-
"기타","소계","소계",아동·유아용품,소계,면세점 이외,-,-,-,-,-,601,1548,689,1646,3415,3282,-
"기타","소계","소계",음·식료품,소계,계,-,-,4310,3203,805,2751,5310,1160,1669,297,250,-
"기타","소계","소계",음·식료품,소계,면세점,-,-,-,-,-,2642,5078,358,73,39,60,-
"기타","소계","소계",음·식료품,소계,면세점 이외,-,-,-,-,-,109,232,802,1596,258,190,-
"기타","소계","소계",농축수산물,소계,계,-,-,3520,2296,2,2,3,2,9,1,10,-
"기타","소계","소계",농축수산물,소계,면세점,-,-,-,-,-,0,0,0,0,0,0,-
"기타","소계","소계",농축수산물,소계,면세점 이외,-,-,-,-,-,2,3,2,9,1,10,-
"기타","소계","소계",생활·자동차용품,소계,계,-,-,4409,3236,2949,2478,2227,1792,1464,2131,610,-
"기타","소계","소계",생활·자동차용품,소계,면세점,-,-,-,-,-,0,0,0,0,0,0,-
"기타","소계","소계",생활·자동차용품,소계,면세점 이외,-,-,-,-,-,2478,2227,1792,1464,2131,610,-
"기타","소계","소계",기 타,소계,계,-,-,3153,3155,2743,3551,4020,2963,3345,4267,3726,-
"기타","소계","소계",기 타,소계,면세점,-,-,-,-,-,350,992,2,0,0,0,-
"기타","소계","소계",기 타,소계,면세점 이외,-,-,-,-,-,3201,3028,2961,3345,4267,3726,-
